-- phpMyAdmin SQL Dump
-- version 5.2.0
-- https://www.phpmyadmin.net/
--
-- Host: 127.0.0.1:3306
-- Generation Time: May 28, 2025 at 07:23 PM
-- Server version: 8.0.31
-- PHP Version: 8.2.0

SET SQL_MODE = "NO_AUTO_VALUE_ON_ZERO";
START TRANSACTION;
SET time_zone = "+00:00";


/*!40101 SET @OLD_CHARACTER_SET_CLIENT=@@CHARACTER_SET_CLIENT */;
/*!40101 SET @OLD_CHARACTER_SET_RESULTS=@@CHARACTER_SET_RESULTS */;
/*!40101 SET @OLD_COLLATION_CONNECTION=@@COLLATION_CONNECTION */;
/*!40101 SET NAMES utf8mb4 */;

--
-- Database: `laravel_ecom_api`
--

-- --------------------------------------------------------

--
-- Table structure for table `addresses`
--

DROP TABLE IF EXISTS `addresses`;
CREATE TABLE IF NOT EXISTS `addresses` (
  `id` int UNSIGNED NOT NULL AUTO_INCREMENT,
  `user_id` bigint UNSIGNED NOT NULL,
  `address_line` text CHARACTER SET utf8mb4 COLLATE utf8mb4_unicode_ci,
  `city` text CHARACTER SET utf8mb4 COLLATE utf8mb4_unicode_ci,
  `state` text CHARACTER SET utf8mb4 COLLATE utf8mb4_unicode_ci,
  `pincode` text CHARACTER SET utf8mb4 COLLATE utf8mb4_unicode_ci,
  `country` text CHARACTER SET utf8mb4 COLLATE utf8mb4_unicode_ci,
  `mobile` text CHARACTER SET utf8mb4 COLLATE utf8mb4_unicode_ci,
  `status` tinyint(1) NOT NULL DEFAULT '1',
  `created_at` timestamp NOT NULL DEFAULT CURRENT_TIMESTAMP,
  `updated_at` timestamp NOT NULL DEFAULT CURRENT_TIMESTAMP ON UPDATE CURRENT_TIMESTAMP,
  PRIMARY KEY (`id`),
  KEY `user_id` (`user_id`)
) ENGINE=InnoDB AUTO_INCREMENT=15 DEFAULT CHARSET=utf8mb4 COLLATE=utf8mb4_unicode_ci;

--
-- Dumping data for table `addresses`
--

INSERT INTO `addresses` (`id`, `user_id`, `address_line`, `city`, `state`, `pincode`, `country`, `mobile`, `status`, `created_at`, `updated_at`) VALUES
(3, 2, 'address_line 1', 'city 1', 'state', 'pincode', 'country', 'mobile', 0, '2025-05-09 14:17:24', '2025-05-17 09:58:06'),
(6, 2, 'address_line 2', 'city 2', 'state', 'pincode', 'country', 'mobile', 1, '2025-05-09 07:19:49', '2025-05-10 09:43:10'),
(14, 2, 'Lim Chu Kang 1', 'HCM', 'BINH CHANH', '692314', 'Vietnam', '0355137748', 1, '2025-05-14 11:59:11', '2025-05-14 12:01:00');

-- --------------------------------------------------------

--
-- Table structure for table `admin_menu`
--

DROP TABLE IF EXISTS `admin_menu`;
CREATE TABLE IF NOT EXISTS `admin_menu` (
  `id` int UNSIGNED NOT NULL AUTO_INCREMENT,
  `parent_id` int NOT NULL DEFAULT '0',
  `order` int NOT NULL DEFAULT '0',
  `title` varchar(50) COLLATE utf8mb4_unicode_ci NOT NULL,
  `icon` varchar(50) COLLATE utf8mb4_unicode_ci NOT NULL,
  `uri` varchar(191) COLLATE utf8mb4_unicode_ci DEFAULT NULL,
  `permission` varchar(191) COLLATE utf8mb4_unicode_ci DEFAULT NULL,
  `created_at` timestamp NULL DEFAULT NULL,
  `updated_at` timestamp NULL DEFAULT NULL,
  PRIMARY KEY (`id`)
) ENGINE=MyISAM AUTO_INCREMENT=12 DEFAULT CHARSET=utf8mb4 COLLATE=utf8mb4_unicode_ci;

--
-- Dumping data for table `admin_menu`
--

INSERT INTO `admin_menu` (`id`, `parent_id`, `order`, `title`, `icon`, `uri`, `permission`, `created_at`, `updated_at`) VALUES
(1, 0, 1, 'Dashboard', 'fa-bar-chart', '/', NULL, NULL, NULL),
(2, 0, 6, 'Admin', 'fa-tasks', '', NULL, NULL, '2025-05-24 09:51:23'),
(3, 2, 7, 'Users', 'fa-users', 'auth/users', NULL, NULL, '2025-05-24 09:51:23'),
(4, 2, 8, 'Roles', 'fa-user', 'auth/roles', NULL, NULL, '2025-05-24 09:51:23'),
(5, 2, 9, 'Permission', 'fa-ban', 'auth/permissions', NULL, NULL, '2025-05-24 09:51:23'),
(6, 2, 10, 'Menu', 'fa-bars', 'auth/menu', NULL, NULL, '2025-05-24 09:51:23'),
(7, 2, 11, 'Operation log', 'fa-history', 'auth/logs', NULL, NULL, '2025-05-24 09:51:23'),
(8, 0, 2, 'Category', 'fa-bars', 'category', '*', '2025-05-17 11:00:57', '2025-05-17 11:01:17'),
(9, 0, 3, 'Product', 'fa-bars', 'product', '*', '2025-05-20 08:56:59', '2025-05-20 08:57:09'),
(10, 0, 4, 'User', 'fa-bars', 'user', '*', '2025-05-20 09:51:04', '2025-05-20 09:51:09'),
(11, 0, 5, 'Order', 'fa-bars', 'order', '*', '2025-05-24 09:51:15', '2025-05-24 09:51:23');

-- --------------------------------------------------------

--
-- Table structure for table `admin_operation_log`
--

DROP TABLE IF EXISTS `admin_operation_log`;
CREATE TABLE IF NOT EXISTS `admin_operation_log` (
  `id` int UNSIGNED NOT NULL AUTO_INCREMENT,
  `user_id` int NOT NULL,
  `path` varchar(191) COLLATE utf8mb4_unicode_ci NOT NULL,
  `method` varchar(10) COLLATE utf8mb4_unicode_ci NOT NULL,
  `ip` varchar(191) COLLATE utf8mb4_unicode_ci NOT NULL,
  `input` text COLLATE utf8mb4_unicode_ci NOT NULL,
  `created_at` timestamp NULL DEFAULT NULL,
  `updated_at` timestamp NULL DEFAULT NULL,
  PRIMARY KEY (`id`),
  KEY `admin_operation_log_user_id_index` (`user_id`)
) ENGINE=MyISAM AUTO_INCREMENT=676 DEFAULT CHARSET=utf8mb4 COLLATE=utf8mb4_unicode_ci;

--
-- Dumping data for table `admin_operation_log`
--

INSERT INTO `admin_operation_log` (`id`, `user_id`, `path`, `method`, `ip`, `input`, `created_at`, `updated_at`) VALUES
(1, 1, 'admin/category', 'GET', '127.0.0.1', '{\"_pjax\":\"#pjax-container\"}', '2025-05-20 08:55:50', '2025-05-20 08:55:50'),
(2, 1, 'admin/auth/users', 'GET', '127.0.0.1', '{\"_pjax\":\"#pjax-container\"}', '2025-05-20 08:56:00', '2025-05-20 08:56:00'),
(3, 1, 'admin/category', 'GET', '127.0.0.1', '{\"_pjax\":\"#pjax-container\"}', '2025-05-20 08:56:13', '2025-05-20 08:56:13'),
(4, 1, 'admin/auth/menu', 'GET', '127.0.0.1', '{\"_pjax\":\"#pjax-container\"}', '2025-05-20 08:56:38', '2025-05-20 08:56:38'),
(5, 1, 'admin/auth/menu', 'POST', '127.0.0.1', '{\"parent_id\":\"0\",\"title\":\"Product\",\"icon\":\"fa-bars\",\"uri\":\"product\",\"roles\":[\"1\",null],\"permission\":\"*\",\"_token\":\"wsJAm5JzVqayFhSqll1Z63Og5tiBYPONJrM7eb9M\"}', '2025-05-20 08:56:59', '2025-05-20 08:56:59'),
(6, 1, 'admin/auth/menu', 'GET', '127.0.0.1', '[]', '2025-05-20 08:57:00', '2025-05-20 08:57:00'),
(7, 1, 'admin/auth/menu', 'POST', '127.0.0.1', '{\"_token\":\"wsJAm5JzVqayFhSqll1Z63Og5tiBYPONJrM7eb9M\",\"_order\":\"[{\\\"id\\\":1},{\\\"id\\\":8},{\\\"id\\\":9},{\\\"id\\\":2,\\\"children\\\":[{\\\"id\\\":3},{\\\"id\\\":4},{\\\"id\\\":5},{\\\"id\\\":6},{\\\"id\\\":7}]}]\"}', '2025-05-20 08:57:09', '2025-05-20 08:57:09'),
(8, 1, 'admin/auth/menu', 'GET', '127.0.0.1', '{\"_pjax\":\"#pjax-container\"}', '2025-05-20 08:57:09', '2025-05-20 08:57:09'),
(9, 1, 'admin/auth/menu', 'GET', '127.0.0.1', '[]', '2025-05-20 08:57:12', '2025-05-20 08:57:12'),
(10, 1, 'admin/auth/menu', 'GET', '127.0.0.1', '[]', '2025-05-20 08:57:16', '2025-05-20 08:57:16'),
(11, 1, 'admin', 'GET', '127.0.0.1', '{\"_pjax\":\"#pjax-container\"}', '2025-05-20 08:57:18', '2025-05-20 08:57:18'),
(12, 1, 'admin', 'GET', '127.0.0.1', '[]', '2025-05-20 08:58:41', '2025-05-20 08:58:41'),
(13, 1, 'admin/product', 'GET', '127.0.0.1', '{\"_pjax\":\"#pjax-container\"}', '2025-05-20 08:58:42', '2025-05-20 08:58:42'),
(14, 1, 'admin/product', 'GET', '127.0.0.1', '[]', '2025-05-20 08:59:52', '2025-05-20 08:59:52'),
(15, 1, 'admin/product', 'GET', '127.0.0.1', '[]', '2025-05-20 08:59:54', '2025-05-20 08:59:54'),
(16, 1, 'admin/product', 'GET', '127.0.0.1', '[]', '2025-05-20 09:00:40', '2025-05-20 09:00:40'),
(17, 1, 'admin/category', 'GET', '127.0.0.1', '{\"_pjax\":\"#pjax-container\"}', '2025-05-20 09:00:47', '2025-05-20 09:00:47'),
(18, 1, 'admin/product', 'GET', '127.0.0.1', '{\"_pjax\":\"#pjax-container\"}', '2025-05-20 09:00:49', '2025-05-20 09:00:49'),
(19, 1, 'admin/product/2', 'GET', '127.0.0.1', '{\"_pjax\":\"#pjax-container\"}', '2025-05-20 09:00:53', '2025-05-20 09:00:53'),
(20, 1, 'admin/product', 'GET', '127.0.0.1', '{\"_pjax\":\"#pjax-container\"}', '2025-05-20 09:00:58', '2025-05-20 09:00:58'),
(21, 1, 'admin/product/create', 'GET', '127.0.0.1', '{\"_pjax\":\"#pjax-container\"}', '2025-05-20 09:01:02', '2025-05-20 09:01:02'),
(22, 1, 'admin/product/create', 'GET', '127.0.0.1', '[]', '2025-05-20 09:02:10', '2025-05-20 09:02:10'),
(23, 1, 'admin/product/create', 'GET', '127.0.0.1', '[]', '2025-05-20 09:02:48', '2025-05-20 09:02:48'),
(24, 1, 'admin/product/create', 'GET', '127.0.0.1', '[]', '2025-05-20 09:03:04', '2025-05-20 09:03:04'),
(25, 1, 'admin/product/create', 'GET', '127.0.0.1', '[]', '2025-05-20 09:03:09', '2025-05-20 09:03:09'),
(26, 1, 'admin/product/create', 'GET', '127.0.0.1', '[]', '2025-05-20 09:03:16', '2025-05-20 09:03:16'),
(27, 1, 'admin/product/create', 'GET', '127.0.0.1', '[]', '2025-05-20 09:03:48', '2025-05-20 09:03:48'),
(28, 1, 'admin/product/create', 'GET', '127.0.0.1', '[]', '2025-05-20 09:04:28', '2025-05-20 09:04:28'),
(29, 1, 'admin/product/create', 'GET', '127.0.0.1', '[]', '2025-05-20 09:04:50', '2025-05-20 09:04:50'),
(30, 1, 'admin/product/create', 'GET', '127.0.0.1', '[]', '2025-05-20 09:08:32', '2025-05-20 09:08:32'),
(31, 1, 'admin/product', 'GET', '127.0.0.1', '{\"_pjax\":\"#pjax-container\"}', '2025-05-20 09:12:22', '2025-05-20 09:12:22'),
(32, 1, 'admin/product/2/edit', 'GET', '127.0.0.1', '{\"_pjax\":\"#pjax-container\"}', '2025-05-20 09:12:26', '2025-05-20 09:12:26'),
(33, 1, 'admin/product/2', 'PUT', '127.0.0.1', '{\"title\":\"title 1\",\"slug\":\"title-1\",\"category_id\":\"4\",\"unit\":\"1\",\"stock\":\"30\",\"discount\":null,\"description\":\"title 1\",\"more_details\":{\"keys\":[\"key 1\",\"key 2\"],\"values\":[\"value 1\",\"value 2\"]},\"publish\":\"off\",\"_token\":\"wsJAm5JzVqayFhSqll1Z63Og5tiBYPONJrM7eb9M\",\"_method\":\"PUT\",\"_previous_\":\"http:\\/\\/127.0.0.1:8000\\/admin\\/product\"}', '2025-05-20 09:12:58', '2025-05-20 09:12:58'),
(34, 1, 'admin/product', 'GET', '127.0.0.1', '[]', '2025-05-20 09:12:59', '2025-05-20 09:12:59'),
(35, 1, 'admin/product/2', 'GET', '127.0.0.1', '{\"_pjax\":\"#pjax-container\"}', '2025-05-20 09:13:02', '2025-05-20 09:13:02'),
(36, 1, 'admin/product', 'GET', '127.0.0.1', '[]', '2025-05-20 09:13:03', '2025-05-20 09:13:03'),
(37, 1, 'admin/product', 'GET', '127.0.0.1', '[]', '2025-05-20 09:13:12', '2025-05-20 09:13:12'),
(38, 1, 'admin/product/2/edit', 'GET', '127.0.0.1', '{\"_pjax\":\"#pjax-container\"}', '2025-05-20 09:13:15', '2025-05-20 09:13:15'),
(39, 1, 'admin/product', 'GET', '127.0.0.1', '{\"_pjax\":\"#pjax-container\"}', '2025-05-20 09:13:39', '2025-05-20 09:13:39'),
(40, 1, 'admin/product', 'GET', '127.0.0.1', '[]', '2025-05-20 09:13:40', '2025-05-20 09:13:40'),
(41, 1, 'admin/product/2', 'GET', '127.0.0.1', '{\"_pjax\":\"#pjax-container\"}', '2025-05-20 09:13:44', '2025-05-20 09:13:44'),
(42, 1, 'admin/product', 'GET', '127.0.0.1', '[]', '2025-05-20 09:13:45', '2025-05-20 09:13:45'),
(43, 1, 'admin/product', 'GET', '127.0.0.1', '[]', '2025-05-20 09:14:56', '2025-05-20 09:14:56'),
(44, 1, 'admin/product/2', 'GET', '127.0.0.1', '{\"_pjax\":\"#pjax-container\"}', '2025-05-20 09:14:58', '2025-05-20 09:14:58'),
(45, 1, 'admin/product', 'GET', '127.0.0.1', '[]', '2025-05-20 09:14:59', '2025-05-20 09:14:59'),
(46, 1, 'admin/product', 'GET', '127.0.0.1', '[]', '2025-05-20 09:15:04', '2025-05-20 09:15:04'),
(47, 1, 'admin/product/2', 'GET', '127.0.0.1', '{\"_pjax\":\"#pjax-container\"}', '2025-05-20 09:15:07', '2025-05-20 09:15:07'),
(48, 1, 'admin/product', 'GET', '127.0.0.1', '[]', '2025-05-20 09:15:10', '2025-05-20 09:15:10'),
(49, 1, 'admin/product', 'GET', '127.0.0.1', '[]', '2025-05-20 09:21:45', '2025-05-20 09:21:45'),
(50, 1, 'admin/product/2', 'GET', '127.0.0.1', '{\"_pjax\":\"#pjax-container\"}', '2025-05-20 09:21:48', '2025-05-20 09:21:48'),
(51, 1, 'admin/product/2', 'GET', '127.0.0.1', '[]', '2025-05-20 09:22:15', '2025-05-20 09:22:15'),
(52, 1, 'admin/product/2', 'GET', '127.0.0.1', '[]', '2025-05-20 09:22:52', '2025-05-20 09:22:52'),
(53, 1, 'admin/product/2', 'GET', '127.0.0.1', '[]', '2025-05-20 09:23:07', '2025-05-20 09:23:07'),
(54, 1, 'admin/product/2', 'GET', '127.0.0.1', '[]', '2025-05-20 09:23:08', '2025-05-20 09:23:08'),
(55, 1, 'admin/product/2', 'GET', '127.0.0.1', '[]', '2025-05-20 09:23:09', '2025-05-20 09:23:09'),
(56, 1, 'admin/product/2', 'GET', '127.0.0.1', '[]', '2025-05-20 09:23:10', '2025-05-20 09:23:10'),
(57, 1, 'admin/product/2', 'GET', '127.0.0.1', '[]', '2025-05-20 09:23:30', '2025-05-20 09:23:30'),
(58, 1, 'admin/product/2/edit', 'GET', '127.0.0.1', '{\"_pjax\":\"#pjax-container\"}', '2025-05-20 09:23:38', '2025-05-20 09:23:38'),
(59, 1, 'admin/product/2', 'PUT', '127.0.0.1', '{\"title\":\"title 1\",\"slug\":\"title-1\",\"category_id\":\"4\",\"unit\":\"1\",\"stock\":\"30\",\"discount\":null,\"description\":\"title 1\",\"more_details\":{\"keys\":[\"key 1\",\"key 2\"],\"values\":[\"value 1\",\"value 2\"]},\"publish\":\"on\",\"_token\":\"wsJAm5JzVqayFhSqll1Z63Og5tiBYPONJrM7eb9M\",\"_method\":\"PUT\",\"_previous_\":\"http:\\/\\/127.0.0.1:8000\\/admin\\/product\\/2\"}', '2025-05-20 09:23:42', '2025-05-20 09:23:42'),
(60, 1, 'admin/product/2', 'GET', '127.0.0.1', '[]', '2025-05-20 09:23:42', '2025-05-20 09:23:42'),
(61, 1, 'admin/category', 'GET', '127.0.0.1', '{\"_pjax\":\"#pjax-container\"}', '2025-05-20 09:25:22', '2025-05-20 09:25:22'),
(62, 1, 'admin/product', 'GET', '127.0.0.1', '{\"_pjax\":\"#pjax-container\"}', '2025-05-20 09:25:24', '2025-05-20 09:25:24'),
(63, 1, 'admin/product/create', 'GET', '127.0.0.1', '{\"_pjax\":\"#pjax-container\"}', '2025-05-20 09:25:42', '2025-05-20 09:25:42'),
(64, 1, 'admin/product/create', 'GET', '127.0.0.1', '[]', '2025-05-20 09:26:31', '2025-05-20 09:26:31'),
(65, 1, 'admin/product/create', 'GET', '127.0.0.1', '[]', '2025-05-20 09:26:42', '2025-05-20 09:26:42'),
(66, 1, 'admin/product/create', 'GET', '127.0.0.1', '[]', '2025-05-20 09:26:56', '2025-05-20 09:26:56'),
(67, 1, 'admin/product/create', 'GET', '127.0.0.1', '[]', '2025-05-20 09:27:26', '2025-05-20 09:27:26'),
(68, 1, 'admin/product/create', 'GET', '127.0.0.1', '[]', '2025-05-20 09:27:45', '2025-05-20 09:27:45'),
(69, 1, 'admin/product/create', 'GET', '127.0.0.1', '[]', '2025-05-20 09:27:53', '2025-05-20 09:27:53'),
(70, 1, 'admin/product/create', 'GET', '127.0.0.1', '[]', '2025-05-20 09:28:00', '2025-05-20 09:28:00'),
(71, 1, 'admin/product/create', 'GET', '127.0.0.1', '[]', '2025-05-20 09:28:32', '2025-05-20 09:28:32'),
(72, 1, 'admin/product', 'GET', '127.0.0.1', '{\"_pjax\":\"#pjax-container\"}', '2025-05-20 09:29:01', '2025-05-20 09:29:01'),
(73, 1, 'admin/product', 'GET', '127.0.0.1', '[]', '2025-05-20 09:29:27', '2025-05-20 09:29:27'),
(74, 1, 'admin/product', 'GET', '127.0.0.1', '[]', '2025-05-20 09:29:53', '2025-05-20 09:29:53'),
(75, 1, 'admin/product', 'GET', '127.0.0.1', '[]', '2025-05-20 09:30:18', '2025-05-20 09:30:18'),
(76, 1, 'admin/product', 'GET', '127.0.0.1', '[]', '2025-05-20 09:31:41', '2025-05-20 09:31:41'),
(77, 1, 'admin/product/2', 'PUT', '127.0.0.1', '{\"status\":\"1\",\"_token\":\"wsJAm5JzVqayFhSqll1Z63Og5tiBYPONJrM7eb9M\",\"_method\":\"PUT\",\"_edit_inline\":\"true\"}', '2025-05-20 09:31:43', '2025-05-20 09:31:43'),
(78, 1, 'admin/product', 'GET', '127.0.0.1', '[]', '2025-05-20 09:31:50', '2025-05-20 09:31:50'),
(79, 1, 'admin/product', 'GET', '127.0.0.1', '[]', '2025-05-20 09:31:53', '2025-05-20 09:31:53'),
(80, 1, 'admin/product/2', 'PUT', '127.0.0.1', '{\"status\":\"1\",\"_token\":\"wsJAm5JzVqayFhSqll1Z63Og5tiBYPONJrM7eb9M\",\"_method\":\"PUT\",\"_edit_inline\":\"true\"}', '2025-05-20 09:31:54', '2025-05-20 09:31:54'),
(81, 1, 'admin/product', 'GET', '127.0.0.1', '[]', '2025-05-20 09:31:56', '2025-05-20 09:31:56'),
(82, 1, 'admin/product', 'GET', '127.0.0.1', '[]', '2025-05-20 09:32:06', '2025-05-20 09:32:06'),
(83, 1, 'admin/product/2', 'PUT', '127.0.0.1', '{\"publish\":\"2\",\"_token\":\"wsJAm5JzVqayFhSqll1Z63Og5tiBYPONJrM7eb9M\",\"_method\":\"PUT\",\"_edit_inline\":\"true\"}', '2025-05-20 09:32:07', '2025-05-20 09:32:07'),
(84, 1, 'admin/product', 'GET', '127.0.0.1', '[]', '2025-05-20 09:32:09', '2025-05-20 09:32:09'),
(85, 1, 'admin/product/2', 'PUT', '127.0.0.1', '{\"publish\":\"1\",\"_token\":\"wsJAm5JzVqayFhSqll1Z63Og5tiBYPONJrM7eb9M\",\"_method\":\"PUT\",\"_edit_inline\":\"true\"}', '2025-05-20 09:32:13', '2025-05-20 09:32:13'),
(86, 1, 'admin/product', 'GET', '127.0.0.1', '[]', '2025-05-20 09:32:14', '2025-05-20 09:32:14'),
(87, 1, 'admin/product', 'GET', '127.0.0.1', '[]', '2025-05-20 09:32:34', '2025-05-20 09:32:34'),
(88, 1, 'admin/product', 'GET', '127.0.0.1', '[]', '2025-05-20 09:33:10', '2025-05-20 09:33:10'),
(89, 1, 'admin/product', 'GET', '127.0.0.1', '[]', '2025-05-20 09:33:24', '2025-05-20 09:33:24'),
(90, 1, 'admin/product', 'GET', '127.0.0.1', '[]', '2025-05-20 09:33:35', '2025-05-20 09:33:35'),
(91, 1, 'admin/product', 'GET', '127.0.0.1', '[]', '2025-05-20 09:34:44', '2025-05-20 09:34:44'),
(92, 1, 'admin/product/2', 'PUT', '127.0.0.1', '{\"publish\":\"2\",\"_token\":\"wsJAm5JzVqayFhSqll1Z63Og5tiBYPONJrM7eb9M\",\"_method\":\"PUT\",\"_edit_inline\":\"true\"}', '2025-05-20 09:34:46', '2025-05-20 09:34:46'),
(93, 1, 'admin/product', 'GET', '127.0.0.1', '[]', '2025-05-20 09:34:48', '2025-05-20 09:34:48'),
(94, 1, 'admin', 'GET', '127.0.0.1', '{\"_pjax\":\"#pjax-container\"}', '2025-05-20 09:36:08', '2025-05-20 09:36:08'),
(95, 1, 'admin/product', 'GET', '127.0.0.1', '{\"_pjax\":\"#pjax-container\"}', '2025-05-20 09:36:09', '2025-05-20 09:36:09'),
(96, 1, 'admin/product', 'GET', '127.0.0.1', '[]', '2025-05-20 09:36:17', '2025-05-20 09:36:17'),
(97, 1, 'admin/product/2', 'PUT', '127.0.0.1', '{\"publish\":\"1\",\"_token\":\"wsJAm5JzVqayFhSqll1Z63Og5tiBYPONJrM7eb9M\",\"_method\":\"PUT\",\"_edit_inline\":\"true\"}', '2025-05-20 09:36:18', '2025-05-20 09:36:18'),
(98, 1, 'admin/product', 'GET', '127.0.0.1', '[]', '2025-05-20 09:36:20', '2025-05-20 09:36:20'),
(99, 1, 'admin/auth/users', 'GET', '127.0.0.1', '{\"_pjax\":\"#pjax-container\"}', '2025-05-20 09:37:15', '2025-05-20 09:37:15'),
(100, 1, 'admin/product', 'GET', '127.0.0.1', '{\"_pjax\":\"#pjax-container\"}', '2025-05-20 09:37:53', '2025-05-20 09:37:53'),
(101, 1, 'admin/category', 'GET', '127.0.0.1', '{\"_pjax\":\"#pjax-container\"}', '2025-05-20 09:37:54', '2025-05-20 09:37:54'),
(102, 1, 'admin/product', 'GET', '127.0.0.1', '{\"_pjax\":\"#pjax-container\"}', '2025-05-20 09:37:57', '2025-05-20 09:37:57'),
(103, 1, 'admin/auth/users', 'GET', '127.0.0.1', '{\"_pjax\":\"#pjax-container\"}', '2025-05-20 09:38:28', '2025-05-20 09:38:28'),
(104, 1, 'admin/auth/users', 'GET', '127.0.0.1', '{\"_pjax\":\"#pjax-container\"}', '2025-05-20 09:38:34', '2025-05-20 09:38:34'),
(105, 1, 'admin', 'GET', '127.0.0.1', '{\"_pjax\":\"#pjax-container\"}', '2025-05-20 09:38:36', '2025-05-20 09:38:36'),
(106, 1, 'admin/category', 'GET', '127.0.0.1', '{\"_pjax\":\"#pjax-container\"}', '2025-05-20 09:39:44', '2025-05-20 09:39:44'),
(107, 1, 'admin/product', 'GET', '127.0.0.1', '{\"_pjax\":\"#pjax-container\"}', '2025-05-20 09:39:45', '2025-05-20 09:39:45'),
(108, 1, 'admin/product', 'GET', '127.0.0.1', '{\"_pjax\":\"#pjax-container\"}', '2025-05-20 09:39:46', '2025-05-20 09:39:46'),
(109, 1, 'admin/category', 'GET', '127.0.0.1', '{\"_pjax\":\"#pjax-container\"}', '2025-05-20 09:39:47', '2025-05-20 09:39:47'),
(110, 1, 'admin/product', 'GET', '127.0.0.1', '{\"_pjax\":\"#pjax-container\"}', '2025-05-20 09:39:48', '2025-05-20 09:39:48'),
(111, 1, 'admin/category', 'GET', '127.0.0.1', '{\"_pjax\":\"#pjax-container\"}', '2025-05-20 09:39:50', '2025-05-20 09:39:50'),
(112, 1, 'admin/category/create', 'GET', '127.0.0.1', '{\"_pjax\":\"#pjax-container\"}', '2025-05-20 09:39:53', '2025-05-20 09:39:53'),
(113, 1, 'admin/category/create', 'GET', '127.0.0.1', '[]', '2025-05-20 09:40:19', '2025-05-20 09:40:19'),
(114, 1, 'admin/category', 'GET', '127.0.0.1', '{\"_pjax\":\"#pjax-container\"}', '2025-05-20 09:40:26', '2025-05-20 09:40:26'),
(115, 1, 'admin/category/4', 'GET', '127.0.0.1', '{\"_pjax\":\"#pjax-container\"}', '2025-05-20 09:40:30', '2025-05-20 09:40:30'),
(116, 1, 'admin/category', 'GET', '127.0.0.1', '{\"_pjax\":\"#pjax-container\"}', '2025-05-20 09:40:32', '2025-05-20 09:40:32'),
(117, 1, 'admin/category/4/edit', 'GET', '127.0.0.1', '{\"_pjax\":\"#pjax-container\"}', '2025-05-20 09:40:35', '2025-05-20 09:40:35'),
(118, 1, 'admin/category', 'GET', '127.0.0.1', '{\"_pjax\":\"#pjax-container\"}', '2025-05-20 09:40:57', '2025-05-20 09:40:57'),
(119, 1, 'admin/category/4', 'GET', '127.0.0.1', '{\"_pjax\":\"#pjax-container\"}', '2025-05-20 09:41:04', '2025-05-20 09:41:04'),
(120, 1, 'admin/category', 'GET', '127.0.0.1', '{\"_pjax\":\"#pjax-container\"}', '2025-05-20 09:41:06', '2025-05-20 09:41:06'),
(121, 1, 'admin/category/4/edit', 'GET', '127.0.0.1', '{\"_pjax\":\"#pjax-container\"}', '2025-05-20 09:41:08', '2025-05-20 09:41:08'),
(122, 1, 'admin/category/4', 'PUT', '127.0.0.1', '{\"title\":\"Arts\",\"slug\":\"arts\",\"icon\":\"fa-adn\",\"color\":\"#5d6d7e\",\"description\":null,\"parent_id\":null,\"_token\":\"wsJAm5JzVqayFhSqll1Z63Og5tiBYPONJrM7eb9M\",\"_method\":\"PUT\",\"_previous_\":\"http:\\/\\/127.0.0.1:8000\\/admin\\/category\"}', '2025-05-20 09:41:26', '2025-05-20 09:41:26'),
(123, 1, 'admin/category', 'GET', '127.0.0.1', '[]', '2025-05-20 09:41:26', '2025-05-20 09:41:26'),
(124, 1, 'admin/category/3/edit', 'GET', '127.0.0.1', '{\"_pjax\":\"#pjax-container\"}', '2025-05-20 09:41:33', '2025-05-20 09:41:33'),
(125, 1, 'admin/category/3', 'PUT', '127.0.0.1', '{\"title\":\"Artists\",\"slug\":\"artists\",\"icon\":\"fa-user\",\"color\":\"#3c5a99\",\"description\":null,\"parent_id\":\"4\",\"_token\":\"wsJAm5JzVqayFhSqll1Z63Og5tiBYPONJrM7eb9M\",\"_method\":\"PUT\",\"_previous_\":\"http:\\/\\/127.0.0.1:8000\\/admin\\/category\"}', '2025-05-20 09:42:13', '2025-05-20 09:42:13'),
(126, 1, 'admin/category', 'GET', '127.0.0.1', '[]', '2025-05-20 09:42:13', '2025-05-20 09:42:13'),
(127, 1, 'admin/category/2/edit', 'GET', '127.0.0.1', '{\"_pjax\":\"#pjax-container\"}', '2025-05-20 09:42:19', '2025-05-20 09:42:19'),
(128, 1, 'admin/category/2', 'PUT', '127.0.0.1', '{\"title\":\"Architecture\",\"slug\":\"architecture\",\"icon\":\"fa-edit\",\"color\":\"#a569bd\",\"description\":null,\"parent_id\":\"4\",\"_token\":\"wsJAm5JzVqayFhSqll1Z63Og5tiBYPONJrM7eb9M\",\"_method\":\"PUT\",\"_previous_\":\"http:\\/\\/127.0.0.1:8000\\/admin\\/category\"}', '2025-05-20 09:42:35', '2025-05-20 09:42:35'),
(129, 1, 'admin/category', 'GET', '127.0.0.1', '[]', '2025-05-20 09:42:35', '2025-05-20 09:42:35'),
(130, 1, 'admin/category', 'GET', '127.0.0.1', '[]', '2025-05-20 09:43:27', '2025-05-20 09:43:27'),
(131, 1, 'admin/category/4/edit', 'GET', '127.0.0.1', '{\"_pjax\":\"#pjax-container\"}', '2025-05-20 09:43:30', '2025-05-20 09:43:30'),
(132, 1, 'admin/category', 'GET', '127.0.0.1', '{\"_pjax\":\"#pjax-container\"}', '2025-05-20 09:43:35', '2025-05-20 09:43:35'),
(133, 1, 'admin/category/3/edit', 'GET', '127.0.0.1', '{\"_pjax\":\"#pjax-container\"}', '2025-05-20 09:43:39', '2025-05-20 09:43:39'),
(134, 1, 'admin/category', 'GET', '127.0.0.1', '{\"_pjax\":\"#pjax-container\"}', '2025-05-20 09:43:44', '2025-05-20 09:43:44'),
(135, 1, 'admin/category', 'GET', '127.0.0.1', '[]', '2025-05-20 09:43:45', '2025-05-20 09:43:45'),
(136, 1, 'admin/category/4/edit', 'GET', '127.0.0.1', '{\"_pjax\":\"#pjax-container\"}', '2025-05-20 09:44:06', '2025-05-20 09:44:06'),
(137, 1, 'admin/product', 'GET', '127.0.0.1', '{\"_pjax\":\"#pjax-container\"}', '2025-05-20 09:44:08', '2025-05-20 09:44:08'),
(138, 1, 'admin/category', 'GET', '127.0.0.1', '{\"_pjax\":\"#pjax-container\"}', '2025-05-20 09:44:31', '2025-05-20 09:44:31'),
(139, 1, 'admin/auth/users', 'GET', '127.0.0.1', '{\"_pjax\":\"#pjax-container\"}', '2025-05-20 09:50:41', '2025-05-20 09:50:41'),
(140, 1, 'admin/auth/menu', 'GET', '127.0.0.1', '{\"_pjax\":\"#pjax-container\"}', '2025-05-20 09:50:43', '2025-05-20 09:50:43'),
(141, 1, 'admin/auth/menu', 'POST', '127.0.0.1', '{\"parent_id\":\"0\",\"title\":\"User\",\"icon\":\"fa-bars\",\"uri\":\"user\",\"roles\":[\"1\",null],\"permission\":\"*\",\"_token\":\"wsJAm5JzVqayFhSqll1Z63Og5tiBYPONJrM7eb9M\"}', '2025-05-20 09:51:04', '2025-05-20 09:51:04'),
(142, 1, 'admin/auth/menu', 'GET', '127.0.0.1', '[]', '2025-05-20 09:51:04', '2025-05-20 09:51:04'),
(143, 1, 'admin/auth/menu', 'POST', '127.0.0.1', '{\"_token\":\"wsJAm5JzVqayFhSqll1Z63Og5tiBYPONJrM7eb9M\",\"_order\":\"[{\\\"id\\\":1},{\\\"id\\\":8},{\\\"id\\\":9},{\\\"id\\\":10},{\\\"id\\\":2,\\\"children\\\":[{\\\"id\\\":3},{\\\"id\\\":4},{\\\"id\\\":5},{\\\"id\\\":6},{\\\"id\\\":7}]}]\"}', '2025-05-20 09:51:09', '2025-05-20 09:51:09'),
(144, 1, 'admin/auth/menu', 'GET', '127.0.0.1', '{\"_pjax\":\"#pjax-container\"}', '2025-05-20 09:51:09', '2025-05-20 09:51:09'),
(145, 1, 'admin/auth/menu', 'GET', '127.0.0.1', '[]', '2025-05-20 09:51:11', '2025-05-20 09:51:11'),
(146, 1, 'admin/auth/menu', 'GET', '127.0.0.1', '[]', '2025-05-20 09:53:39', '2025-05-20 09:53:39'),
(147, 1, 'admin/user', 'GET', '127.0.0.1', '{\"_pjax\":\"#pjax-container\"}', '2025-05-20 09:53:40', '2025-05-20 09:53:40'),
(148, 1, 'admin/user', 'GET', '127.0.0.1', '[]', '2025-05-20 09:54:00', '2025-05-20 09:54:00'),
(149, 1, 'admin/user', 'GET', '127.0.0.1', '[]', '2025-05-20 09:54:26', '2025-05-20 09:54:26'),
(150, 1, 'admin/user', 'GET', '127.0.0.1', '[]', '2025-05-20 09:55:34', '2025-05-20 09:55:34'),
(151, 1, 'admin/user', 'GET', '127.0.0.1', '[]', '2025-05-20 09:55:50', '2025-05-20 09:55:50'),
(152, 1, 'admin/user', 'GET', '127.0.0.1', '[]', '2025-05-20 09:56:02', '2025-05-20 09:56:02'),
(153, 1, 'admin/user', 'GET', '127.0.0.1', '[]', '2025-05-20 09:58:22', '2025-05-20 09:58:22'),
(154, 1, 'admin/user', 'GET', '127.0.0.1', '[]', '2025-05-20 09:58:30', '2025-05-20 09:58:30'),
(155, 1, 'admin/user', 'GET', '127.0.0.1', '[]', '2025-05-20 09:58:38', '2025-05-20 09:58:38'),
(156, 1, 'admin/user', 'GET', '127.0.0.1', '[]', '2025-05-20 09:58:59', '2025-05-20 09:58:59'),
(157, 1, 'admin/user', 'GET', '127.0.0.1', '{\"_pjax\":\"#pjax-container\"}', '2025-05-20 09:59:16', '2025-05-20 09:59:16'),
(158, 1, 'admin/user', 'GET', '127.0.0.1', '[]', '2025-05-20 09:59:35', '2025-05-20 09:59:35'),
(159, 1, 'admin/user', 'GET', '127.0.0.1', '[]', '2025-05-20 09:59:43', '2025-05-20 09:59:43'),
(160, 1, 'admin/user', 'GET', '127.0.0.1', '[]', '2025-05-20 09:59:53', '2025-05-20 09:59:53'),
(161, 1, 'admin/user', 'GET', '127.0.0.1', '[]', '2025-05-20 09:59:54', '2025-05-20 09:59:54'),
(162, 1, 'admin/user', 'GET', '127.0.0.1', '[]', '2025-05-20 10:00:29', '2025-05-20 10:00:29'),
(163, 1, 'admin/user', 'GET', '127.0.0.1', '[]', '2025-05-20 10:00:33', '2025-05-20 10:00:33'),
(164, 1, 'admin/user', 'GET', '127.0.0.1', '[]', '2025-05-20 10:00:44', '2025-05-20 10:00:44'),
(165, 1, 'admin/user', 'GET', '127.0.0.1', '[]', '2025-05-20 10:01:22', '2025-05-20 10:01:22'),
(166, 1, 'admin/user', 'GET', '127.0.0.1', '[]', '2025-05-20 10:01:34', '2025-05-20 10:01:34'),
(167, 1, 'admin/user/3/edit', 'GET', '127.0.0.1', '{\"_pjax\":\"#pjax-container\"}', '2025-05-20 10:02:05', '2025-05-20 10:02:05'),
(168, 1, 'admin/user', 'GET', '127.0.0.1', '{\"_pjax\":\"#pjax-container\"}', '2025-05-20 10:02:07', '2025-05-20 10:02:07'),
(169, 1, 'admin/user', 'GET', '127.0.0.1', '[]', '2025-05-20 10:02:13', '2025-05-20 10:02:13'),
(170, 1, 'admin/user', 'GET', '127.0.0.1', '[]', '2025-05-20 10:02:14', '2025-05-20 10:02:14'),
(171, 1, 'admin/user', 'GET', '127.0.0.1', '[]', '2025-05-20 10:02:18', '2025-05-20 10:02:18'),
(172, 1, 'admin/user', 'GET', '127.0.0.1', '{\"_pjax\":\"#pjax-container\"}', '2025-05-20 10:03:17', '2025-05-20 10:03:17'),
(173, 1, 'admin/user', 'GET', '127.0.0.1', '[]', '2025-05-20 10:03:37', '2025-05-20 10:03:37'),
(174, 1, 'admin/user', 'GET', '127.0.0.1', '[]', '2025-05-20 10:03:52', '2025-05-20 10:03:52'),
(175, 1, 'admin/user', 'GET', '127.0.0.1', '{\"_pjax\":\"#pjax-container\"}', '2025-05-20 10:04:17', '2025-05-20 10:04:17'),
(176, 1, 'admin/product', 'GET', '127.0.0.1', '{\"_pjax\":\"#pjax-container\"}', '2025-05-20 10:04:21', '2025-05-20 10:04:21'),
(177, 1, 'admin/product/2', 'PUT', '127.0.0.1', '{\"publish\":\"2\",\"_token\":\"wsJAm5JzVqayFhSqll1Z63Og5tiBYPONJrM7eb9M\",\"_method\":\"PUT\",\"_edit_inline\":\"true\"}', '2025-05-20 10:04:23', '2025-05-20 10:04:23'),
(178, 1, 'admin/product', 'GET', '127.0.0.1', '{\"_pjax\":\"#pjax-container\"}', '2025-05-20 10:04:34', '2025-05-20 10:04:34'),
(179, 1, 'admin/product/2', 'PUT', '127.0.0.1', '{\"publish\":\"1\",\"_token\":\"wsJAm5JzVqayFhSqll1Z63Og5tiBYPONJrM7eb9M\",\"_method\":\"PUT\",\"_edit_inline\":\"true\"}', '2025-05-20 10:04:37', '2025-05-20 10:04:37'),
(180, 1, 'admin/user', 'GET', '127.0.0.1', '{\"_pjax\":\"#pjax-container\"}', '2025-05-20 10:04:38', '2025-05-20 10:04:38'),
(181, 1, 'admin/user', 'GET', '127.0.0.1', '[]', '2025-05-20 10:04:44', '2025-05-20 10:04:44'),
(182, 1, 'admin/user', 'GET', '127.0.0.1', '[]', '2025-05-20 10:04:55', '2025-05-20 10:04:55'),
(183, 1, 'admin/user', 'GET', '127.0.0.1', '[]', '2025-05-20 10:05:05', '2025-05-20 10:05:05'),
(184, 1, 'admin/user', 'GET', '127.0.0.1', '[]', '2025-05-20 10:05:57', '2025-05-20 10:05:57'),
(185, 1, 'admin/user', 'GET', '127.0.0.1', '[]', '2025-05-20 10:06:20', '2025-05-20 10:06:20'),
(186, 1, 'admin/user', 'GET', '127.0.0.1', '[]', '2025-05-20 10:06:28', '2025-05-20 10:06:28'),
(187, 1, 'admin/user', 'GET', '127.0.0.1', '[]', '2025-05-20 10:06:57', '2025-05-20 10:06:57'),
(188, 1, 'admin/user', 'GET', '127.0.0.1', '[]', '2025-05-20 10:07:12', '2025-05-20 10:07:12'),
(189, 1, 'admin/user', 'GET', '127.0.0.1', '[]', '2025-05-20 10:07:23', '2025-05-20 10:07:23'),
(190, 1, 'admin/product', 'GET', '127.0.0.1', '{\"_pjax\":\"#pjax-container\"}', '2025-05-20 10:07:32', '2025-05-20 10:07:32'),
(191, 1, 'admin/category', 'GET', '127.0.0.1', '{\"_pjax\":\"#pjax-container\"}', '2025-05-20 10:07:34', '2025-05-20 10:07:34'),
(192, 1, 'admin/user', 'GET', '127.0.0.1', '{\"_pjax\":\"#pjax-container\"}', '2025-05-20 10:07:36', '2025-05-20 10:07:36'),
(193, 1, 'admin/user', 'GET', '127.0.0.1', '[]', '2025-05-20 10:07:49', '2025-05-20 10:07:49'),
(194, 1, 'admin/user', 'GET', '127.0.0.1', '[]', '2025-05-20 10:08:17', '2025-05-20 10:08:17'),
(195, 1, 'admin/user/3', 'GET', '127.0.0.1', '{\"_pjax\":\"#pjax-container\"}', '2025-05-20 10:08:20', '2025-05-20 10:08:20'),
(196, 1, 'admin/user', 'GET', '127.0.0.1', '{\"_pjax\":\"#pjax-container\"}', '2025-05-20 10:08:25', '2025-05-20 10:08:25'),
(197, 1, 'admin/user', 'GET', '127.0.0.1', '[]', '2025-05-20 10:08:49', '2025-05-20 10:08:49'),
(198, 1, 'admin/user/3/edit', 'GET', '127.0.0.1', '{\"_pjax\":\"#pjax-container\"}', '2025-05-20 10:08:52', '2025-05-20 10:08:52'),
(199, 1, 'admin/user', 'GET', '127.0.0.1', '{\"_pjax\":\"#pjax-container\"}', '2025-05-20 10:08:54', '2025-05-20 10:08:54'),
(200, 1, 'admin/user', 'GET', '127.0.0.1', '[]', '2025-05-20 10:08:55', '2025-05-20 10:08:55'),
(201, 1, 'admin/user', 'GET', '127.0.0.1', '[]', '2025-05-20 10:09:28', '2025-05-20 10:09:28'),
(202, 1, 'admin/user/2/edit', 'GET', '127.0.0.1', '{\"_pjax\":\"#pjax-container\"}', '2025-05-20 10:09:31', '2025-05-20 10:09:31'),
(203, 1, 'admin/user/2', 'PUT', '127.0.0.1', '{\"name\":\"Nguyen Van A\",\"email\":\"example@gmail.com\",\"status\":\"ban\",\"_token\":\"wsJAm5JzVqayFhSqll1Z63Og5tiBYPONJrM7eb9M\",\"_method\":\"PUT\",\"_previous_\":\"http:\\/\\/127.0.0.1:8000\\/admin\\/user\"}', '2025-05-20 10:09:36', '2025-05-20 10:09:36'),
(204, 1, 'admin/user', 'GET', '127.0.0.1', '[]', '2025-05-20 10:09:36', '2025-05-20 10:09:36'),
(205, 1, 'admin/user/2/edit', 'GET', '127.0.0.1', '{\"_pjax\":\"#pjax-container\"}', '2025-05-20 10:09:47', '2025-05-20 10:09:47'),
(206, 1, 'admin/user/2', 'PUT', '127.0.0.1', '{\"name\":\"Nguyen Van A\",\"email\":\"example@gmail.com\",\"status\":\"active\",\"_token\":\"wsJAm5JzVqayFhSqll1Z63Og5tiBYPONJrM7eb9M\",\"_method\":\"PUT\",\"_previous_\":\"http:\\/\\/127.0.0.1:8000\\/admin\\/user\"}', '2025-05-20 10:09:56', '2025-05-20 10:09:56'),
(207, 1, 'admin/user', 'GET', '127.0.0.1', '[]', '2025-05-20 10:09:56', '2025-05-20 10:09:56'),
(208, 1, 'admin/user', 'GET', '127.0.0.1', '[]', '2025-05-20 10:11:16', '2025-05-20 10:11:16'),
(209, 1, 'admin/user/3', 'GET', '127.0.0.1', '{\"_pjax\":\"#pjax-container\"}', '2025-05-20 10:11:19', '2025-05-20 10:11:19'),
(210, 1, 'admin/user/3', 'GET', '127.0.0.1', '[]', '2025-05-20 10:12:05', '2025-05-20 10:12:05'),
(211, 1, 'admin/user/3', 'GET', '127.0.0.1', '[]', '2025-05-20 10:12:16', '2025-05-20 10:12:16'),
(212, 1, 'admin/user/3', 'GET', '127.0.0.1', '[]', '2025-05-20 10:12:18', '2025-05-20 10:12:18'),
(213, 1, 'admin/user/3', 'GET', '127.0.0.1', '[]', '2025-05-20 10:13:33', '2025-05-20 10:13:33'),
(214, 1, 'admin/user/3', 'GET', '127.0.0.1', '[]', '2025-05-20 10:14:10', '2025-05-20 10:14:10'),
(215, 1, 'admin/user/3', 'GET', '127.0.0.1', '[]', '2025-05-20 10:15:26', '2025-05-20 10:15:26'),
(216, 1, 'admin/user/3', 'GET', '127.0.0.1', '[]', '2025-05-20 10:17:01', '2025-05-20 10:17:01'),
(217, 1, 'admin/user/3', 'GET', '127.0.0.1', '[]', '2025-05-20 10:17:29', '2025-05-20 10:17:29'),
(218, 1, 'admin/user', 'GET', '127.0.0.1', '{\"_pjax\":\"#pjax-container\"}', '2025-05-20 10:17:40', '2025-05-20 10:17:40'),
(219, 1, 'admin/user', 'GET', '127.0.0.1', '[]', '2025-05-20 10:17:41', '2025-05-20 10:17:41'),
(220, 1, 'admin/user/2/edit', 'GET', '127.0.0.1', '{\"_pjax\":\"#pjax-container\"}', '2025-05-20 10:17:44', '2025-05-20 10:17:44'),
(221, 1, 'admin/user', 'GET', '127.0.0.1', '{\"_pjax\":\"#pjax-container\"}', '2025-05-20 10:17:45', '2025-05-20 10:17:45'),
(222, 1, 'admin/user/2', 'GET', '127.0.0.1', '{\"_pjax\":\"#pjax-container\"}', '2025-05-20 10:17:48', '2025-05-20 10:17:48'),
(223, 1, 'admin/user/2', 'GET', '127.0.0.1', '[]', '2025-05-20 10:18:51', '2025-05-20 10:18:51'),
(224, 1, 'admin/user/2', 'GET', '127.0.0.1', '[]', '2025-05-20 10:19:22', '2025-05-20 10:19:22'),
(225, 1, 'admin/user/2', 'GET', '127.0.0.1', '[]', '2025-05-20 10:19:28', '2025-05-20 10:19:28'),
(226, 1, 'admin/user/2', 'GET', '127.0.0.1', '[]', '2025-05-20 10:19:37', '2025-05-20 10:19:37'),
(227, 1, 'admin/user/2', 'GET', '127.0.0.1', '[]', '2025-05-20 10:19:51', '2025-05-20 10:19:51'),
(228, 1, 'admin/user/2', 'GET', '127.0.0.1', '[]', '2025-05-20 10:19:52', '2025-05-20 10:19:52'),
(229, 1, 'admin/user/2', 'GET', '127.0.0.1', '[]', '2025-05-20 10:20:02', '2025-05-20 10:20:02'),
(230, 1, 'admin/user/2', 'GET', '127.0.0.1', '[]', '2025-05-20 10:20:07', '2025-05-20 10:20:07'),
(231, 1, 'admin/user/2', 'GET', '127.0.0.1', '[]', '2025-05-20 10:20:17', '2025-05-20 10:20:17'),
(232, 1, 'admin/user/2', 'GET', '127.0.0.1', '[]', '2025-05-20 10:21:28', '2025-05-20 10:21:28'),
(233, 1, 'admin/user/2', 'GET', '127.0.0.1', '[]', '2025-05-20 10:22:51', '2025-05-20 10:22:51'),
(234, 1, 'admin/user/2', 'GET', '127.0.0.1', '[]', '2025-05-20 10:23:06', '2025-05-20 10:23:06'),
(235, 1, 'admin/user/2', 'GET', '127.0.0.1', '[]', '2025-05-20 10:23:07', '2025-05-20 10:23:07'),
(236, 1, 'admin/user/2', 'GET', '127.0.0.1', '[]', '2025-05-20 10:23:21', '2025-05-20 10:23:21'),
(237, 1, 'admin/user/2', 'GET', '127.0.0.1', '[]', '2025-05-20 10:23:23', '2025-05-20 10:23:23'),
(238, 1, 'admin/user/2', 'GET', '127.0.0.1', '[]', '2025-05-20 10:23:51', '2025-05-20 10:23:51'),
(239, 1, 'admin/user/2', 'GET', '127.0.0.1', '[]', '2025-05-20 10:24:55', '2025-05-20 10:24:55'),
(240, 1, 'admin/user/2', 'GET', '127.0.0.1', '[]', '2025-05-20 10:26:08', '2025-05-20 10:26:08'),
(241, 1, 'admin/user/2', 'GET', '127.0.0.1', '[]', '2025-05-20 10:26:38', '2025-05-20 10:26:38'),
(242, 1, 'admin/user/2', 'GET', '127.0.0.1', '[]', '2025-05-20 10:27:30', '2025-05-20 10:27:30'),
(243, 1, 'admin/user/2', 'GET', '127.0.0.1', '[]', '2025-05-20 10:27:39', '2025-05-20 10:27:39'),
(244, 1, 'admin/user/2', 'GET', '127.0.0.1', '[]', '2025-05-20 10:27:56', '2025-05-20 10:27:56'),
(245, 1, 'admin/user/2', 'GET', '127.0.0.1', '[]', '2025-05-20 10:28:04', '2025-05-20 10:28:04'),
(246, 1, 'admin/user/2', 'GET', '127.0.0.1', '[]', '2025-05-20 10:28:23', '2025-05-20 10:28:23'),
(247, 1, 'admin/user/2', 'GET', '127.0.0.1', '[]', '2025-05-20 10:29:02', '2025-05-20 10:29:02'),
(248, 1, 'admin/user/2', 'GET', '127.0.0.1', '[]', '2025-05-20 10:29:03', '2025-05-20 10:29:03'),
(249, 1, 'admin/user/2', 'GET', '127.0.0.1', '[]', '2025-05-20 10:29:15', '2025-05-20 10:29:15'),
(250, 1, 'admin/user/2', 'GET', '127.0.0.1', '[]', '2025-05-20 10:29:24', '2025-05-20 10:29:24'),
(251, 1, 'admin/user/2', 'GET', '127.0.0.1', '[]', '2025-05-20 10:29:31', '2025-05-20 10:29:31'),
(252, 1, 'admin/user/2', 'GET', '127.0.0.1', '[]', '2025-05-20 10:29:40', '2025-05-20 10:29:40'),
(253, 1, 'admin/user/2', 'GET', '127.0.0.1', '[]', '2025-05-20 10:29:56', '2025-05-20 10:29:56'),
(254, 1, 'admin/user/2', 'GET', '127.0.0.1', '[]', '2025-05-20 10:30:08', '2025-05-20 10:30:08'),
(255, 1, 'admin/user/2', 'GET', '127.0.0.1', '[]', '2025-05-20 10:30:17', '2025-05-20 10:30:17'),
(256, 1, 'admin/user/2', 'GET', '127.0.0.1', '[]', '2025-05-20 10:30:39', '2025-05-20 10:30:39'),
(257, 1, 'admin/user/2', 'GET', '127.0.0.1', '[]', '2025-05-20 10:30:57', '2025-05-20 10:30:57'),
(258, 1, 'admin/user/2', 'GET', '127.0.0.1', '[]', '2025-05-20 10:31:15', '2025-05-20 10:31:15'),
(259, 1, 'admin/user/2', 'GET', '127.0.0.1', '[]', '2025-05-20 10:31:27', '2025-05-20 10:31:27'),
(260, 1, 'admin/user/2', 'GET', '127.0.0.1', '[]', '2025-05-20 10:31:28', '2025-05-20 10:31:28'),
(261, 1, 'admin/user/2', 'GET', '127.0.0.1', '[]', '2025-05-20 10:31:39', '2025-05-20 10:31:39'),
(262, 1, 'admin/user/2', 'GET', '127.0.0.1', '[]', '2025-05-20 10:31:45', '2025-05-20 10:31:45'),
(263, 1, 'admin/user/2', 'GET', '127.0.0.1', '[]', '2025-05-20 10:32:03', '2025-05-20 10:32:03'),
(264, 1, 'admin/user/2', 'GET', '127.0.0.1', '[]', '2025-05-20 10:32:11', '2025-05-20 10:32:11'),
(265, 1, 'admin/user/2', 'GET', '127.0.0.1', '[]', '2025-05-20 10:33:08', '2025-05-20 10:33:08'),
(266, 1, 'admin/user/2', 'GET', '127.0.0.1', '[]', '2025-05-20 10:33:27', '2025-05-20 10:33:27'),
(267, 1, 'admin/user/2', 'GET', '127.0.0.1', '[]', '2025-05-20 10:35:16', '2025-05-20 10:35:16'),
(268, 1, 'admin/user/2', 'GET', '127.0.0.1', '[]', '2025-05-20 10:35:56', '2025-05-20 10:35:56'),
(269, 1, 'admin/user/2', 'GET', '127.0.0.1', '[]', '2025-05-20 10:37:05', '2025-05-20 10:37:05'),
(270, 1, 'admin/user/2', 'GET', '127.0.0.1', '[]', '2025-05-20 10:37:39', '2025-05-20 10:37:39'),
(271, 1, 'admin/user/2', 'GET', '127.0.0.1', '[]', '2025-05-20 10:38:03', '2025-05-20 10:38:03'),
(272, 1, 'admin/user/2', 'GET', '127.0.0.1', '[]', '2025-05-20 10:38:49', '2025-05-20 10:38:49'),
(273, 1, 'admin/user/2', 'GET', '127.0.0.1', '[]', '2025-05-20 10:39:13', '2025-05-20 10:39:13'),
(274, 1, 'admin/user/2', 'GET', '127.0.0.1', '[]', '2025-05-20 10:39:22', '2025-05-20 10:39:22'),
(275, 1, 'admin/user/2', 'GET', '127.0.0.1', '[]', '2025-05-20 10:39:30', '2025-05-20 10:39:30'),
(276, 1, 'admin/user/2', 'GET', '127.0.0.1', '[]', '2025-05-20 10:40:20', '2025-05-20 10:40:20'),
(277, 1, 'admin/user/2', 'GET', '127.0.0.1', '[]', '2025-05-20 10:40:54', '2025-05-20 10:40:54'),
(278, 1, 'admin/user/2', 'GET', '127.0.0.1', '[]', '2025-05-20 10:41:06', '2025-05-20 10:41:06'),
(279, 1, 'admin/user/2', 'GET', '127.0.0.1', '[]', '2025-05-20 10:41:17', '2025-05-20 10:41:17'),
(280, 1, 'admin/user/2', 'GET', '127.0.0.1', '[]', '2025-05-20 10:41:55', '2025-05-20 10:41:55'),
(281, 1, 'admin/user', 'GET', '127.0.0.1', '{\"_pjax\":\"#pjax-container\"}', '2025-05-20 10:42:08', '2025-05-20 10:42:08'),
(282, 1, 'admin/user/3', 'GET', '127.0.0.1', '{\"_pjax\":\"#pjax-container\"}', '2025-05-20 10:42:12', '2025-05-20 10:42:12'),
(283, 1, 'admin/user/3', 'GET', '127.0.0.1', '[]', '2025-05-20 10:42:27', '2025-05-20 10:42:27'),
(284, 1, 'admin/user', 'GET', '127.0.0.1', '{\"_pjax\":\"#pjax-container\"}', '2025-05-20 10:42:34', '2025-05-20 10:42:34'),
(285, 1, 'admin/user/3', 'GET', '127.0.0.1', '{\"_pjax\":\"#pjax-container\"}', '2025-05-20 10:42:41', '2025-05-20 10:42:41'),
(286, 1, 'admin/user', 'GET', '127.0.0.1', '{\"_pjax\":\"#pjax-container\"}', '2025-05-20 10:42:44', '2025-05-20 10:42:44'),
(287, 1, 'admin/user/2', 'GET', '127.0.0.1', '{\"_pjax\":\"#pjax-container\"}', '2025-05-20 10:42:47', '2025-05-20 10:42:47'),
(288, 1, 'admin/user/2', 'GET', '127.0.0.1', '[]', '2025-05-20 10:47:51', '2025-05-20 10:47:51'),
(289, 1, 'admin/user', 'GET', '127.0.0.1', '{\"_pjax\":\"#pjax-container\"}', '2025-05-20 10:48:40', '2025-05-20 10:48:40'),
(290, 1, 'admin/user/2', 'GET', '127.0.0.1', '{\"_pjax\":\"#pjax-container\"}', '2025-05-20 10:48:41', '2025-05-20 10:48:41'),
(291, 1, 'admin/user/2', 'GET', '127.0.0.1', '[]', '2025-05-20 10:48:42', '2025-05-20 10:48:42'),
(292, 1, 'admin/user/2', 'GET', '127.0.0.1', '[]', '2025-05-20 10:48:45', '2025-05-20 10:48:45'),
(293, 1, 'admin/user/2', 'GET', '127.0.0.1', '[]', '2025-05-20 10:48:53', '2025-05-20 10:48:53'),
(294, 1, 'admin/user/2', 'GET', '127.0.0.1', '[]', '2025-05-20 10:48:55', '2025-05-20 10:48:55'),
(295, 1, 'admin/user/2', 'GET', '127.0.0.1', '[]', '2025-05-20 10:49:03', '2025-05-20 10:49:03'),
(296, 1, 'admin/user/2', 'GET', '127.0.0.1', '[]', '2025-05-20 10:49:15', '2025-05-20 10:49:15'),
(297, 1, 'admin/user/2', 'GET', '127.0.0.1', '[]', '2025-05-20 10:49:32', '2025-05-20 10:49:32'),
(298, 1, 'admin/user/2', 'GET', '127.0.0.1', '[]', '2025-05-20 10:50:40', '2025-05-20 10:50:40'),
(299, 1, 'admin/user/2', 'GET', '127.0.0.1', '[]', '2025-05-20 10:50:49', '2025-05-20 10:50:49'),
(300, 1, 'admin/user/2', 'GET', '127.0.0.1', '[]', '2025-05-20 10:50:50', '2025-05-20 10:50:50'),
(301, 1, 'admin/user/2', 'GET', '127.0.0.1', '[]', '2025-05-20 10:50:55', '2025-05-20 10:50:55'),
(302, 1, 'admin/user/2', 'GET', '127.0.0.1', '[]', '2025-05-20 10:51:51', '2025-05-20 10:51:51'),
(303, 1, 'admin/user/2', 'GET', '127.0.0.1', '[]', '2025-05-20 10:52:42', '2025-05-20 10:52:42'),
(304, 1, 'admin/user/2', 'GET', '127.0.0.1', '[]', '2025-05-20 10:52:44', '2025-05-20 10:52:44'),
(305, 1, 'admin/user/2', 'GET', '127.0.0.1', '[]', '2025-05-20 10:55:11', '2025-05-20 10:55:11'),
(306, 1, 'admin/user/2', 'GET', '127.0.0.1', '[]', '2025-05-20 10:55:36', '2025-05-20 10:55:36'),
(307, 1, 'admin/user/2', 'GET', '127.0.0.1', '[]', '2025-05-20 10:55:46', '2025-05-20 10:55:46'),
(308, 1, 'admin/user/2', 'GET', '127.0.0.1', '[]', '2025-05-20 10:56:16', '2025-05-20 10:56:16'),
(309, 1, 'admin/user/2', 'GET', '127.0.0.1', '[]', '2025-05-20 10:56:33', '2025-05-20 10:56:33'),
(310, 1, 'admin/user/2', 'GET', '127.0.0.1', '[]', '2025-05-20 10:56:40', '2025-05-20 10:56:40'),
(311, 1, 'admin/user/2', 'GET', '127.0.0.1', '[]', '2025-05-20 10:57:02', '2025-05-20 10:57:02'),
(312, 1, 'admin/category', 'GET', '127.0.0.1', '{\"_pjax\":\"#pjax-container\"}', '2025-05-20 10:57:09', '2025-05-20 10:57:09'),
(313, 1, 'admin/category/4', 'GET', '127.0.0.1', '{\"_pjax\":\"#pjax-container\"}', '2025-05-20 10:57:21', '2025-05-20 10:57:21'),
(314, 1, 'admin/category', 'GET', '127.0.0.1', '{\"_pjax\":\"#pjax-container\"}', '2025-05-20 10:57:23', '2025-05-20 10:57:23'),
(315, 1, 'admin/category', 'GET', '127.0.0.1', '[]', '2025-05-20 10:57:24', '2025-05-20 10:57:24'),
(316, 1, 'admin/product', 'GET', '127.0.0.1', '{\"_pjax\":\"#pjax-container\"}', '2025-05-20 10:57:28', '2025-05-20 10:57:28'),
(317, 1, 'admin/product/2', 'GET', '127.0.0.1', '{\"_pjax\":\"#pjax-container\"}', '2025-05-20 10:57:31', '2025-05-20 10:57:31'),
(318, 1, 'admin/product', 'GET', '127.0.0.1', '{\"_pjax\":\"#pjax-container\"}', '2025-05-20 10:57:33', '2025-05-20 10:57:33'),
(319, 1, 'admin/user', 'GET', '127.0.0.1', '{\"_pjax\":\"#pjax-container\"}', '2025-05-20 10:57:35', '2025-05-20 10:57:35'),
(320, 1, 'admin/user/2', 'GET', '127.0.0.1', '{\"_pjax\":\"#pjax-container\"}', '2025-05-20 10:57:38', '2025-05-20 10:57:38'),
(321, 1, 'admin/user/2/edit', 'GET', '127.0.0.1', '{\"_pjax\":\"#pjax-container\"}', '2025-05-20 10:57:41', '2025-05-20 10:57:41'),
(322, 1, 'admin/user', 'GET', '127.0.0.1', '{\"_pjax\":\"#pjax-container\"}', '2025-05-20 10:57:43', '2025-05-20 10:57:43'),
(323, 1, 'admin/user/2', 'GET', '127.0.0.1', '{\"_pjax\":\"#pjax-container\"}', '2025-05-20 10:57:45', '2025-05-20 10:57:45'),
(324, 1, 'admin', 'GET', '127.0.0.1', '[]', '2025-05-21 09:28:21', '2025-05-21 09:28:21'),
(325, 1, 'admin/product', 'GET', '127.0.0.1', '{\"_pjax\":\"#pjax-container\"}', '2025-05-21 09:28:28', '2025-05-21 09:28:28'),
(326, 1, 'admin/product', 'GET', '127.0.0.1', '[]', '2025-05-21 09:28:31', '2025-05-21 09:28:31'),
(327, 1, 'admin/product/2', 'GET', '127.0.0.1', '{\"_pjax\":\"#pjax-container\"}', '2025-05-21 09:28:38', '2025-05-21 09:28:38'),
(328, 1, 'admin/product', 'GET', '127.0.0.1', '{\"_pjax\":\"#pjax-container\"}', '2025-05-21 09:28:42', '2025-05-21 09:28:42'),
(329, 1, 'admin/product/2/edit', 'GET', '127.0.0.1', '{\"_pjax\":\"#pjax-container\"}', '2025-05-21 09:28:45', '2025-05-21 09:28:45'),
(330, 1, 'admin/product/2', 'PUT', '127.0.0.1', '{\"title\":\"title 1\",\"slug\":\"title-1\",\"category_id\":\"4\",\"unit\":\"1\",\"stock\":\"30\",\"discount\":null,\"description\":\"title 1\",\"more_details\":{\"keys\":[\"key 1\",\"key 2\"],\"values\":[\"value 1\",\"value 2\"]},\"publish\":\"on\",\"_token\":\"gsuEOwF7SBXZn8Yl71NkkomCf5ID5jBK7pSkGt8a\",\"_method\":\"PUT\",\"_previous_\":\"http:\\/\\/localhost:8000\\/admin\\/product\"}', '2025-05-21 09:29:06', '2025-05-21 09:29:06'),
(331, 1, 'admin/product', 'GET', '127.0.0.1', '[]', '2025-05-21 09:29:06', '2025-05-21 09:29:06'),
(332, 1, 'admin', 'GET', '127.0.0.1', '{\"_pjax\":\"#pjax-container\"}', '2025-05-21 09:29:28', '2025-05-21 09:29:28'),
(333, 1, 'admin', 'GET', '127.0.0.1', '[]', '2025-05-24 09:49:53', '2025-05-24 09:49:53'),
(334, 1, 'admin/user', 'GET', '127.0.0.1', '{\"_pjax\":\"#pjax-container\"}', '2025-05-24 09:50:39', '2025-05-24 09:50:39'),
(335, 1, 'admin/product', 'GET', '127.0.0.1', '{\"_pjax\":\"#pjax-container\"}', '2025-05-24 09:50:41', '2025-05-24 09:50:41'),
(336, 1, 'admin/category', 'GET', '127.0.0.1', '{\"_pjax\":\"#pjax-container\"}', '2025-05-24 09:50:43', '2025-05-24 09:50:43'),
(337, 1, 'admin/product', 'GET', '127.0.0.1', '{\"_pjax\":\"#pjax-container\"}', '2025-05-24 09:50:45', '2025-05-24 09:50:45'),
(338, 1, 'admin/user', 'GET', '127.0.0.1', '{\"_pjax\":\"#pjax-container\"}', '2025-05-24 09:50:46', '2025-05-24 09:50:46'),
(339, 1, 'admin/auth/menu', 'GET', '127.0.0.1', '{\"_pjax\":\"#pjax-container\"}', '2025-05-24 09:50:57', '2025-05-24 09:50:57'),
(340, 1, 'admin/auth/menu', 'POST', '127.0.0.1', '{\"parent_id\":\"0\",\"title\":\"Order\",\"icon\":\"fa-bars\",\"uri\":\"order\",\"roles\":[\"1\",null],\"permission\":\"*\",\"_token\":\"v0RkofTc5zlBERiQljRSC4Dy1WXPddk6mX6dsDTH\"}', '2025-05-24 09:51:15', '2025-05-24 09:51:15'),
(341, 1, 'admin/auth/menu', 'GET', '127.0.0.1', '[]', '2025-05-24 09:51:15', '2025-05-24 09:51:15'),
(342, 1, 'admin/auth/menu', 'POST', '127.0.0.1', '{\"_token\":\"v0RkofTc5zlBERiQljRSC4Dy1WXPddk6mX6dsDTH\",\"_order\":\"[{\\\"id\\\":1},{\\\"id\\\":8},{\\\"id\\\":9},{\\\"id\\\":10},{\\\"id\\\":11},{\\\"id\\\":2,\\\"children\\\":[{\\\"id\\\":3},{\\\"id\\\":4},{\\\"id\\\":5},{\\\"id\\\":6},{\\\"id\\\":7}]}]\"}', '2025-05-24 09:51:23', '2025-05-24 09:51:23'),
(343, 1, 'admin/auth/menu', 'GET', '127.0.0.1', '{\"_pjax\":\"#pjax-container\"}', '2025-05-24 09:51:24', '2025-05-24 09:51:24'),
(344, 1, 'admin/auth/menu', 'GET', '127.0.0.1', '[]', '2025-05-24 09:51:25', '2025-05-24 09:51:25'),
(345, 1, 'admin/auth/menu', 'GET', '127.0.0.1', '[]', '2025-05-24 09:51:29', '2025-05-24 09:51:29'),
(346, 1, 'admin', 'GET', '127.0.0.1', '{\"_pjax\":\"#pjax-container\"}', '2025-05-24 09:51:30', '2025-05-24 09:51:30'),
(347, 1, 'admin', 'GET', '127.0.0.1', '[]', '2025-05-24 09:54:13', '2025-05-24 09:54:13'),
(348, 1, 'admin/order', 'GET', '127.0.0.1', '{\"_pjax\":\"#pjax-container\"}', '2025-05-24 09:54:14', '2025-05-24 09:54:14'),
(349, 1, 'admin/order', 'GET', '127.0.0.1', '[]', '2025-05-24 09:55:44', '2025-05-24 09:55:44'),
(350, 1, 'admin/order', 'GET', '127.0.0.1', '[]', '2025-05-24 09:56:17', '2025-05-24 09:56:17'),
(351, 1, 'admin/order', 'GET', '127.0.0.1', '[]', '2025-05-24 09:57:18', '2025-05-24 09:57:18'),
(352, 1, 'admin/order', 'GET', '127.0.0.1', '[]', '2025-05-24 09:59:13', '2025-05-24 09:59:13'),
(353, 1, 'admin/order', 'GET', '127.0.0.1', '[]', '2025-05-24 10:00:47', '2025-05-24 10:00:47'),
(354, 1, 'admin/order', 'GET', '127.0.0.1', '[]', '2025-05-24 10:01:14', '2025-05-24 10:01:14'),
(355, 1, 'admin/order', 'GET', '127.0.0.1', '[]', '2025-05-24 10:03:07', '2025-05-24 10:03:07'),
(356, 1, 'admin/order', 'GET', '127.0.0.1', '[]', '2025-05-24 10:04:40', '2025-05-24 10:04:40'),
(357, 1, 'admin/order', 'GET', '127.0.0.1', '[]', '2025-05-24 10:05:08', '2025-05-24 10:05:08'),
(358, 1, 'admin/order', 'GET', '127.0.0.1', '[]', '2025-05-24 10:05:53', '2025-05-24 10:05:53'),
(359, 1, 'admin/order', 'GET', '127.0.0.1', '[]', '2025-05-24 10:06:11', '2025-05-24 10:06:11'),
(360, 1, 'admin/order', 'GET', '127.0.0.1', '[]', '2025-05-24 10:07:42', '2025-05-24 10:07:42'),
(361, 1, 'admin/order', 'GET', '127.0.0.1', '[]', '2025-05-24 10:09:02', '2025-05-24 10:09:02'),
(362, 1, 'admin/order', 'GET', '127.0.0.1', '[]', '2025-05-24 10:10:16', '2025-05-24 10:10:16'),
(363, 1, 'admin/order', 'GET', '127.0.0.1', '[]', '2025-05-24 10:11:02', '2025-05-24 10:11:02'),
(364, 1, 'admin/order', 'GET', '127.0.0.1', '[]', '2025-05-24 10:11:15', '2025-05-24 10:11:15'),
(365, 1, 'admin/order', 'GET', '127.0.0.1', '[]', '2025-05-24 10:13:16', '2025-05-24 10:13:16'),
(366, 1, 'admin/order', 'GET', '127.0.0.1', '[]', '2025-05-24 10:13:29', '2025-05-24 10:13:29'),
(367, 1, 'admin/order', 'GET', '127.0.0.1', '[]', '2025-05-24 10:13:39', '2025-05-24 10:13:39'),
(368, 1, 'admin/order', 'GET', '127.0.0.1', '[]', '2025-05-24 10:13:55', '2025-05-24 10:13:55'),
(369, 1, 'admin/order', 'GET', '127.0.0.1', '[]', '2025-05-24 10:14:50', '2025-05-24 10:14:50'),
(370, 1, 'admin/order', 'GET', '127.0.0.1', '[]', '2025-05-24 10:15:02', '2025-05-24 10:15:02'),
(371, 1, 'admin/order', 'GET', '127.0.0.1', '[]', '2025-05-24 10:15:02', '2025-05-24 10:15:02'),
(372, 1, 'admin/order', 'GET', '127.0.0.1', '[]', '2025-05-24 10:15:10', '2025-05-24 10:15:10'),
(373, 1, 'admin/order', 'GET', '127.0.0.1', '[]', '2025-05-24 10:15:20', '2025-05-24 10:15:20'),
(374, 1, 'admin/order', 'GET', '127.0.0.1', '[]', '2025-05-24 10:16:11', '2025-05-24 10:16:11'),
(375, 1, 'admin/order', 'GET', '127.0.0.1', '[]', '2025-05-24 10:16:35', '2025-05-24 10:16:35'),
(376, 1, 'admin/order', 'GET', '127.0.0.1', '[]', '2025-05-24 10:17:09', '2025-05-24 10:17:09'),
(377, 1, 'admin/order', 'GET', '127.0.0.1', '[]', '2025-05-24 10:18:38', '2025-05-24 10:18:38'),
(378, 1, 'admin/order', 'GET', '127.0.0.1', '[]', '2025-05-24 10:18:48', '2025-05-24 10:18:48'),
(379, 1, 'admin/order', 'GET', '127.0.0.1', '[]', '2025-05-24 10:18:53', '2025-05-24 10:18:53'),
(380, 1, 'admin/order', 'GET', '127.0.0.1', '[]', '2025-05-24 10:19:06', '2025-05-24 10:19:06'),
(381, 1, 'admin/order', 'GET', '127.0.0.1', '[]', '2025-05-24 10:19:54', '2025-05-24 10:19:54'),
(382, 1, 'admin/order', 'GET', '127.0.0.1', '[]', '2025-05-24 10:20:08', '2025-05-24 10:20:08'),
(383, 1, 'admin', 'GET', '127.0.0.1', '[]', '2025-05-24 10:20:11', '2025-05-24 10:20:11'),
(384, 1, 'admin/order', 'GET', '127.0.0.1', '{\"_pjax\":\"#pjax-container\"}', '2025-05-24 10:20:14', '2025-05-24 10:20:14'),
(385, 1, 'admin/order', 'GET', '127.0.0.1', '[]', '2025-05-24 10:20:14', '2025-05-24 10:20:14'),
(386, 1, 'admin/order', 'GET', '127.0.0.1', '[]', '2025-05-24 10:20:25', '2025-05-24 10:20:25'),
(387, 1, 'admin/order', 'GET', '127.0.0.1', '[]', '2025-05-24 10:20:32', '2025-05-24 10:20:32'),
(388, 1, 'admin/order', 'GET', '127.0.0.1', '[]', '2025-05-24 10:21:27', '2025-05-24 10:21:27'),
(389, 1, 'admin/order', 'GET', '127.0.0.1', '[]', '2025-05-24 10:21:44', '2025-05-24 10:21:44'),
(390, 1, 'admin/order', 'GET', '127.0.0.1', '[]', '2025-05-24 10:22:13', '2025-05-24 10:22:13'),
(391, 1, 'admin/order', 'GET', '127.0.0.1', '[]', '2025-05-24 10:23:07', '2025-05-24 10:23:07'),
(392, 1, 'admin/order', 'GET', '127.0.0.1', '[]', '2025-05-24 10:23:28', '2025-05-24 10:23:28'),
(393, 1, 'admin/order', 'GET', '127.0.0.1', '[]', '2025-05-24 10:23:55', '2025-05-24 10:23:55'),
(394, 1, 'admin/order', 'GET', '127.0.0.1', '[]', '2025-05-24 10:24:20', '2025-05-24 10:24:20'),
(395, 1, 'admin/order', 'GET', '127.0.0.1', '[]', '2025-05-24 10:24:55', '2025-05-24 10:24:55'),
(396, 1, 'admin/order', 'GET', '127.0.0.1', '[]', '2025-05-24 10:25:06', '2025-05-24 10:25:06'),
(397, 1, 'admin/order', 'GET', '127.0.0.1', '[]', '2025-05-24 10:25:37', '2025-05-24 10:25:37'),
(398, 1, 'admin/order', 'GET', '127.0.0.1', '[]', '2025-05-24 10:26:17', '2025-05-24 10:26:17'),
(399, 1, 'admin/order', 'GET', '127.0.0.1', '[]', '2025-05-24 10:26:38', '2025-05-24 10:26:38'),
(400, 1, 'admin/order', 'GET', '127.0.0.1', '[]', '2025-05-24 10:26:52', '2025-05-24 10:26:52'),
(401, 1, 'admin/order', 'GET', '127.0.0.1', '[]', '2025-05-24 10:27:01', '2025-05-24 10:27:01'),
(402, 1, 'admin/order', 'GET', '127.0.0.1', '[]', '2025-05-24 10:27:19', '2025-05-24 10:27:19'),
(403, 1, 'admin/order', 'GET', '127.0.0.1', '[]', '2025-05-24 10:27:38', '2025-05-24 10:27:38'),
(404, 1, 'admin/order', 'GET', '127.0.0.1', '[]', '2025-05-24 10:28:16', '2025-05-24 10:28:16'),
(405, 1, 'admin/order', 'GET', '127.0.0.1', '[]', '2025-05-24 10:28:41', '2025-05-24 10:28:41'),
(406, 1, 'admin/order', 'GET', '127.0.0.1', '[]', '2025-05-24 10:28:53', '2025-05-24 10:28:53'),
(407, 1, 'admin/order', 'GET', '127.0.0.1', '[]', '2025-05-24 10:29:04', '2025-05-24 10:29:04'),
(408, 1, 'admin/order', 'GET', '127.0.0.1', '[]', '2025-05-24 10:29:36', '2025-05-24 10:29:36'),
(409, 1, 'admin/order', 'GET', '127.0.0.1', '[]', '2025-05-24 10:29:42', '2025-05-24 10:29:42'),
(410, 1, 'admin/order', 'GET', '127.0.0.1', '[]', '2025-05-24 10:30:03', '2025-05-24 10:30:03'),
(411, 1, 'admin/order', 'GET', '127.0.0.1', '[]', '2025-05-24 10:31:33', '2025-05-24 10:31:33'),
(412, 1, 'admin/order', 'GET', '127.0.0.1', '[]', '2025-05-24 10:32:03', '2025-05-24 10:32:03'),
(413, 1, 'admin/order', 'GET', '127.0.0.1', '[]', '2025-05-24 10:32:37', '2025-05-24 10:32:37'),
(414, 1, 'admin/order', 'GET', '127.0.0.1', '[]', '2025-05-24 10:34:24', '2025-05-24 10:34:24'),
(415, 1, 'admin/order', 'GET', '127.0.0.1', '[]', '2025-05-24 10:34:34', '2025-05-24 10:34:34'),
(416, 1, 'admin/order', 'GET', '127.0.0.1', '[]', '2025-05-24 10:35:02', '2025-05-24 10:35:02'),
(417, 1, 'admin/order', 'GET', '127.0.0.1', '[]', '2025-05-24 10:36:04', '2025-05-24 10:36:04'),
(418, 1, 'admin/order', 'GET', '127.0.0.1', '[]', '2025-05-24 10:36:39', '2025-05-24 10:36:39'),
(419, 1, 'admin/order', 'GET', '127.0.0.1', '[]', '2025-05-24 10:38:50', '2025-05-24 10:38:50'),
(420, 1, 'admin/order', 'GET', '127.0.0.1', '[]', '2025-05-24 10:40:59', '2025-05-24 10:40:59'),
(421, 1, 'admin/order', 'GET', '127.0.0.1', '[]', '2025-05-24 10:41:41', '2025-05-24 10:41:41'),
(422, 1, 'admin/order', 'GET', '127.0.0.1', '[]', '2025-05-24 10:42:16', '2025-05-24 10:42:16'),
(423, 1, 'admin/order/1', 'GET', '127.0.0.1', '{\"_pjax\":\"#pjax-container\"}', '2025-05-24 10:42:20', '2025-05-24 10:42:20'),
(424, 1, 'admin/order', 'GET', '127.0.0.1', '{\"_pjax\":\"#pjax-container\"}', '2025-05-24 10:42:24', '2025-05-24 10:42:24'),
(425, 1, 'admin/order', 'GET', '127.0.0.1', '[]', '2025-05-24 10:42:25', '2025-05-24 10:42:25'),
(426, 1, 'admin', 'GET', '127.0.0.1', '[]', '2025-05-24 11:06:35', '2025-05-24 11:06:35'),
(427, 1, 'admin/category', 'GET', '127.0.0.1', '{\"_pjax\":\"#pjax-container\"}', '2025-05-24 11:06:37', '2025-05-24 11:06:37'),
(428, 1, 'admin/category/create', 'GET', '127.0.0.1', '{\"_pjax\":\"#pjax-container\"}', '2025-05-24 11:06:39', '2025-05-24 11:06:39'),
(429, 1, 'admin/category', 'POST', '127.0.0.1', '{\"title\":\"Sportswear\",\"slug\":null,\"icon\":\"fa-pencil\",\"color\":null,\"description\":null,\"parent_id\":null,\"_token\":\"v0RkofTc5zlBERiQljRSC4Dy1WXPddk6mX6dsDTH\",\"_previous_\":\"http:\\/\\/127.0.0.1:8000\\/admin\\/category\"}', '2025-05-24 11:07:57', '2025-05-24 11:07:57');
INSERT INTO `admin_operation_log` (`id`, `user_id`, `path`, `method`, `ip`, `input`, `created_at`, `updated_at`) VALUES
(430, 1, 'admin/category', 'GET', '127.0.0.1', '[]', '2025-05-24 11:07:58', '2025-05-24 11:07:58'),
(431, 1, 'admin/category/create', 'GET', '127.0.0.1', '{\"_pjax\":\"#pjax-container\"}', '2025-05-24 11:08:04', '2025-05-24 11:08:04'),
(432, 1, 'admin/category', 'GET', '127.0.0.1', '{\"_pjax\":\"#pjax-container\"}', '2025-05-24 11:08:10', '2025-05-24 11:08:10'),
(433, 1, 'admin/category/28/edit', 'GET', '127.0.0.1', '{\"_pjax\":\"#pjax-container\"}', '2025-05-24 11:08:27', '2025-05-24 11:08:27'),
(434, 1, 'admin/category/28', 'PUT', '127.0.0.1', '{\"title\":\"Sportswear\",\"slug\":\"sportswear\",\"icon\":null,\"color\":null,\"description\":null,\"parent_id\":null,\"_token\":\"v0RkofTc5zlBERiQljRSC4Dy1WXPddk6mX6dsDTH\",\"_method\":\"PUT\",\"_previous_\":\"http:\\/\\/127.0.0.1:8000\\/admin\\/category\"}', '2025-05-24 11:08:31', '2025-05-24 11:08:31'),
(435, 1, 'admin/category', 'GET', '127.0.0.1', '[]', '2025-05-24 11:08:31', '2025-05-24 11:08:31'),
(436, 1, 'admin/category/create', 'GET', '127.0.0.1', '{\"_pjax\":\"#pjax-container\"}', '2025-05-24 11:08:39', '2025-05-24 11:08:39'),
(437, 1, 'admin/category', 'POST', '127.0.0.1', '{\"title\":\"Mens\",\"slug\":null,\"icon\":null,\"color\":null,\"description\":null,\"parent_id\":null,\"_token\":\"v0RkofTc5zlBERiQljRSC4Dy1WXPddk6mX6dsDTH\",\"_previous_\":\"http:\\/\\/127.0.0.1:8000\\/admin\\/category\"}', '2025-05-24 11:08:52', '2025-05-24 11:08:52'),
(438, 1, 'admin/category', 'GET', '127.0.0.1', '[]', '2025-05-24 11:08:53', '2025-05-24 11:08:53'),
(439, 1, 'admin/category', 'GET', '127.0.0.1', '[]', '2025-05-24 11:09:35', '2025-05-24 11:09:35'),
(440, 1, 'admin/category/create', 'GET', '127.0.0.1', '{\"_pjax\":\"#pjax-container\"}', '2025-05-24 11:09:42', '2025-05-24 11:09:42'),
(441, 1, 'admin/category', 'POST', '127.0.0.1', '{\"title\":\"Womens\",\"slug\":null,\"icon\":null,\"color\":null,\"description\":null,\"parent_id\":null,\"_token\":\"v0RkofTc5zlBERiQljRSC4Dy1WXPddk6mX6dsDTH\",\"_previous_\":\"http:\\/\\/127.0.0.1:8000\\/admin\\/category\"}', '2025-05-24 11:09:49', '2025-05-24 11:09:49'),
(442, 1, 'admin/category', 'GET', '127.0.0.1', '[]', '2025-05-24 11:09:49', '2025-05-24 11:09:49'),
(443, 1, 'admin/category/create', 'GET', '127.0.0.1', '{\"_pjax\":\"#pjax-container\"}', '2025-05-24 11:09:52', '2025-05-24 11:09:52'),
(444, 1, 'admin/category', 'POST', '127.0.0.1', '{\"title\":\"Kids\",\"slug\":null,\"icon\":null,\"color\":null,\"description\":null,\"parent_id\":null,\"_token\":\"v0RkofTc5zlBERiQljRSC4Dy1WXPddk6mX6dsDTH\",\"_previous_\":\"http:\\/\\/127.0.0.1:8000\\/admin\\/category\"}', '2025-05-24 11:09:58', '2025-05-24 11:09:58'),
(445, 1, 'admin/category', 'GET', '127.0.0.1', '[]', '2025-05-24 11:09:59', '2025-05-24 11:09:59'),
(446, 1, 'admin/category/create', 'GET', '127.0.0.1', '{\"_pjax\":\"#pjax-container\"}', '2025-05-24 11:10:00', '2025-05-24 11:10:00'),
(447, 1, 'admin/category', 'POST', '127.0.0.1', '{\"title\":\"Fashion\",\"slug\":null,\"icon\":null,\"color\":null,\"description\":null,\"parent_id\":null,\"_token\":\"v0RkofTc5zlBERiQljRSC4Dy1WXPddk6mX6dsDTH\",\"_previous_\":\"http:\\/\\/127.0.0.1:8000\\/admin\\/category\"}', '2025-05-24 11:10:07', '2025-05-24 11:10:07'),
(448, 1, 'admin/category', 'GET', '127.0.0.1', '[]', '2025-05-24 11:10:07', '2025-05-24 11:10:07'),
(449, 1, 'admin/category/create', 'GET', '127.0.0.1', '{\"_pjax\":\"#pjax-container\"}', '2025-05-24 11:10:09', '2025-05-24 11:10:09'),
(450, 1, 'admin/category', 'POST', '127.0.0.1', '{\"title\":\"Households\",\"slug\":null,\"icon\":null,\"color\":null,\"description\":null,\"parent_id\":null,\"_token\":\"v0RkofTc5zlBERiQljRSC4Dy1WXPddk6mX6dsDTH\",\"_previous_\":\"http:\\/\\/127.0.0.1:8000\\/admin\\/category\"}', '2025-05-24 11:10:15', '2025-05-24 11:10:15'),
(451, 1, 'admin/category', 'GET', '127.0.0.1', '[]', '2025-05-24 11:10:15', '2025-05-24 11:10:15'),
(452, 1, 'admin/category/create', 'GET', '127.0.0.1', '{\"_pjax\":\"#pjax-container\"}', '2025-05-24 11:10:16', '2025-05-24 11:10:16'),
(453, 1, 'admin/category', 'POST', '127.0.0.1', '{\"title\":\"Interiors\",\"slug\":null,\"icon\":null,\"color\":null,\"description\":null,\"parent_id\":null,\"_token\":\"v0RkofTc5zlBERiQljRSC4Dy1WXPddk6mX6dsDTH\",\"_previous_\":\"http:\\/\\/127.0.0.1:8000\\/admin\\/category\"}', '2025-05-24 11:10:20', '2025-05-24 11:10:20'),
(454, 1, 'admin/category', 'GET', '127.0.0.1', '[]', '2025-05-24 11:10:20', '2025-05-24 11:10:20'),
(455, 1, 'admin/category/create', 'GET', '127.0.0.1', '{\"_pjax\":\"#pjax-container\"}', '2025-05-24 11:10:21', '2025-05-24 11:10:21'),
(456, 1, 'admin/category', 'POST', '127.0.0.1', '{\"title\":\"Clothing\",\"slug\":null,\"icon\":null,\"color\":null,\"description\":null,\"parent_id\":null,\"_token\":\"v0RkofTc5zlBERiQljRSC4Dy1WXPddk6mX6dsDTH\",\"_previous_\":\"http:\\/\\/127.0.0.1:8000\\/admin\\/category\"}', '2025-05-24 11:10:26', '2025-05-24 11:10:26'),
(457, 1, 'admin/category', 'GET', '127.0.0.1', '[]', '2025-05-24 11:10:26', '2025-05-24 11:10:26'),
(458, 1, 'admin/category/create', 'GET', '127.0.0.1', '{\"_pjax\":\"#pjax-container\"}', '2025-05-24 11:10:30', '2025-05-24 11:10:30'),
(459, 1, 'admin/category', 'POST', '127.0.0.1', '{\"title\":\"Bags\",\"slug\":null,\"icon\":null,\"color\":null,\"description\":null,\"parent_id\":null,\"_token\":\"v0RkofTc5zlBERiQljRSC4Dy1WXPddk6mX6dsDTH\",\"_previous_\":\"http:\\/\\/127.0.0.1:8000\\/admin\\/category\"}', '2025-05-24 11:10:32', '2025-05-24 11:10:32'),
(460, 1, 'admin/category', 'GET', '127.0.0.1', '[]', '2025-05-24 11:10:32', '2025-05-24 11:10:32'),
(461, 1, 'admin/category/create', 'GET', '127.0.0.1', '{\"_pjax\":\"#pjax-container\"}', '2025-05-24 11:10:36', '2025-05-24 11:10:36'),
(462, 1, 'admin/category', 'POST', '127.0.0.1', '{\"title\":\"Shoes\",\"slug\":null,\"icon\":null,\"color\":null,\"description\":null,\"parent_id\":null,\"_token\":\"v0RkofTc5zlBERiQljRSC4Dy1WXPddk6mX6dsDTH\",\"_previous_\":\"http:\\/\\/127.0.0.1:8000\\/admin\\/category\"}', '2025-05-24 11:10:38', '2025-05-24 11:10:38'),
(463, 1, 'admin/category', 'GET', '127.0.0.1', '[]', '2025-05-24 11:10:38', '2025-05-24 11:10:38'),
(464, 1, 'admin/category/create', 'GET', '127.0.0.1', '{\"_pjax\":\"#pjax-container\"}', '2025-05-24 11:10:43', '2025-05-24 11:10:43'),
(465, 1, 'admin/category', 'POST', '127.0.0.1', '{\"title\":\"Nike\",\"slug\":null,\"icon\":null,\"color\":null,\"description\":null,\"parent_id\":\"28\",\"_token\":\"v0RkofTc5zlBERiQljRSC4Dy1WXPddk6mX6dsDTH\",\"_previous_\":\"http:\\/\\/127.0.0.1:8000\\/admin\\/category\"}', '2025-05-24 11:10:59', '2025-05-24 11:10:59'),
(466, 1, 'admin/category', 'GET', '127.0.0.1', '[]', '2025-05-24 11:10:59', '2025-05-24 11:10:59'),
(467, 1, 'admin/category/create', 'GET', '127.0.0.1', '{\"_pjax\":\"#pjax-container\"}', '2025-05-24 11:11:03', '2025-05-24 11:11:03'),
(468, 1, 'admin/category', 'POST', '127.0.0.1', '{\"title\":\"Under Armour\",\"slug\":null,\"icon\":null,\"color\":null,\"description\":null,\"parent_id\":\"28\",\"_token\":\"v0RkofTc5zlBERiQljRSC4Dy1WXPddk6mX6dsDTH\",\"_previous_\":\"http:\\/\\/127.0.0.1:8000\\/admin\\/category\"}', '2025-05-24 11:11:13', '2025-05-24 11:11:13'),
(469, 1, 'admin/category', 'GET', '127.0.0.1', '[]', '2025-05-24 11:11:13', '2025-05-24 11:11:13'),
(470, 1, 'admin/category/create', 'GET', '127.0.0.1', '{\"_pjax\":\"#pjax-container\"}', '2025-05-24 11:11:17', '2025-05-24 11:11:17'),
(471, 1, 'admin/category', 'POST', '127.0.0.1', '{\"title\":\"Adidas\",\"slug\":null,\"icon\":null,\"color\":null,\"description\":null,\"parent_id\":\"28\",\"_token\":\"v0RkofTc5zlBERiQljRSC4Dy1WXPddk6mX6dsDTH\",\"_previous_\":\"http:\\/\\/127.0.0.1:8000\\/admin\\/category\"}', '2025-05-24 11:11:25', '2025-05-24 11:11:25'),
(472, 1, 'admin/category', 'GET', '127.0.0.1', '[]', '2025-05-24 11:11:25', '2025-05-24 11:11:25'),
(473, 1, 'admin/category/create', 'GET', '127.0.0.1', '{\"_pjax\":\"#pjax-container\"}', '2025-05-24 11:11:26', '2025-05-24 11:11:26'),
(474, 1, 'admin/category', 'POST', '127.0.0.1', '{\"title\":\"Puma\",\"slug\":null,\"icon\":null,\"color\":null,\"description\":null,\"parent_id\":\"28\",\"_token\":\"v0RkofTc5zlBERiQljRSC4Dy1WXPddk6mX6dsDTH\",\"_previous_\":\"http:\\/\\/127.0.0.1:8000\\/admin\\/category\"}', '2025-05-24 11:11:32', '2025-05-24 11:11:32'),
(475, 1, 'admin/category', 'GET', '127.0.0.1', '[]', '2025-05-24 11:11:32', '2025-05-24 11:11:32'),
(476, 1, 'admin/category/create', 'GET', '127.0.0.1', '{\"_pjax\":\"#pjax-container\"}', '2025-05-24 11:11:33', '2025-05-24 11:11:33'),
(477, 1, 'admin/category', 'POST', '127.0.0.1', '{\"title\":\"ASICS\",\"slug\":null,\"icon\":null,\"color\":null,\"description\":null,\"parent_id\":\"28\",\"_token\":\"v0RkofTc5zlBERiQljRSC4Dy1WXPddk6mX6dsDTH\",\"_previous_\":\"http:\\/\\/127.0.0.1:8000\\/admin\\/category\"}', '2025-05-24 11:11:40', '2025-05-24 11:11:40'),
(478, 1, 'admin/category', 'GET', '127.0.0.1', '[]', '2025-05-24 11:11:40', '2025-05-24 11:11:40'),
(479, 1, 'admin/category/create', 'GET', '127.0.0.1', '{\"_pjax\":\"#pjax-container\"}', '2025-05-24 11:13:44', '2025-05-24 11:13:44'),
(480, 1, 'admin/category', 'POST', '127.0.0.1', '{\"title\":\"Fendi\",\"slug\":null,\"icon\":null,\"color\":null,\"description\":null,\"parent_id\":\"29\",\"_token\":\"v0RkofTc5zlBERiQljRSC4Dy1WXPddk6mX6dsDTH\",\"_previous_\":\"http:\\/\\/127.0.0.1:8000\\/admin\\/category\"}', '2025-05-24 11:13:48', '2025-05-24 11:13:48'),
(481, 1, 'admin/category', 'GET', '127.0.0.1', '[]', '2025-05-24 11:13:48', '2025-05-24 11:13:48'),
(482, 1, 'admin/category/create', 'GET', '127.0.0.1', '{\"_pjax\":\"#pjax-container\"}', '2025-05-24 11:13:50', '2025-05-24 11:13:50'),
(483, 1, 'admin/category', 'POST', '127.0.0.1', '{\"title\":\"Guess\",\"slug\":null,\"icon\":null,\"color\":null,\"description\":null,\"parent_id\":\"29\",\"_token\":\"v0RkofTc5zlBERiQljRSC4Dy1WXPddk6mX6dsDTH\",\"_previous_\":\"http:\\/\\/127.0.0.1:8000\\/admin\\/category\"}', '2025-05-24 11:13:56', '2025-05-24 11:13:56'),
(484, 1, 'admin/category', 'GET', '127.0.0.1', '[]', '2025-05-24 11:13:56', '2025-05-24 11:13:56'),
(485, 1, 'admin/category/create', 'GET', '127.0.0.1', '{\"_pjax\":\"#pjax-container\"}', '2025-05-24 11:15:30', '2025-05-24 11:15:30'),
(486, 1, 'admin/category', 'POST', '127.0.0.1', '{\"title\":\"Valentino\",\"slug\":null,\"icon\":null,\"color\":null,\"description\":null,\"parent_id\":\"29\",\"_token\":\"v0RkofTc5zlBERiQljRSC4Dy1WXPddk6mX6dsDTH\",\"_previous_\":\"http:\\/\\/127.0.0.1:8000\\/admin\\/category\"}', '2025-05-24 11:15:37', '2025-05-24 11:15:37'),
(487, 1, 'admin/category', 'GET', '127.0.0.1', '[]', '2025-05-24 11:15:37', '2025-05-24 11:15:37'),
(488, 1, 'admin/category/create', 'GET', '127.0.0.1', '{\"_pjax\":\"#pjax-container\"}', '2025-05-24 11:15:40', '2025-05-24 11:15:40'),
(489, 1, 'admin/category', 'POST', '127.0.0.1', '{\"title\":\"Dior\",\"slug\":null,\"icon\":null,\"color\":null,\"description\":null,\"parent_id\":\"29\",\"_token\":\"v0RkofTc5zlBERiQljRSC4Dy1WXPddk6mX6dsDTH\",\"_previous_\":\"http:\\/\\/127.0.0.1:8000\\/admin\\/category\"}', '2025-05-24 11:15:44', '2025-05-24 11:15:44'),
(490, 1, 'admin/category', 'GET', '127.0.0.1', '[]', '2025-05-24 11:15:44', '2025-05-24 11:15:44'),
(491, 1, 'admin/category/create', 'GET', '127.0.0.1', '{\"_pjax\":\"#pjax-container\"}', '2025-05-24 11:15:49', '2025-05-24 11:15:49'),
(492, 1, 'admin/category', 'POST', '127.0.0.1', '{\"title\":\"Versace\",\"slug\":null,\"icon\":null,\"color\":null,\"description\":null,\"parent_id\":\"29\",\"_token\":\"v0RkofTc5zlBERiQljRSC4Dy1WXPddk6mX6dsDTH\",\"_previous_\":\"http:\\/\\/127.0.0.1:8000\\/admin\\/category\"}', '2025-05-24 11:15:53', '2025-05-24 11:15:53'),
(493, 1, 'admin/category', 'GET', '127.0.0.1', '[]', '2025-05-24 11:15:53', '2025-05-24 11:15:53'),
(494, 1, 'admin/category/create', 'GET', '127.0.0.1', '{\"_pjax\":\"#pjax-container\"}', '2025-05-24 11:15:56', '2025-05-24 11:15:56'),
(495, 1, 'admin/category', 'POST', '127.0.0.1', '{\"title\":\"Armani\",\"slug\":null,\"icon\":null,\"color\":null,\"description\":null,\"parent_id\":\"29\",\"_token\":\"v0RkofTc5zlBERiQljRSC4Dy1WXPddk6mX6dsDTH\",\"_previous_\":\"http:\\/\\/127.0.0.1:8000\\/admin\\/category\"}', '2025-05-24 11:16:00', '2025-05-24 11:16:00'),
(496, 1, 'admin/category', 'GET', '127.0.0.1', '[]', '2025-05-24 11:16:01', '2025-05-24 11:16:01'),
(497, 1, 'admin/category/create', 'GET', '127.0.0.1', '{\"_pjax\":\"#pjax-container\"}', '2025-05-24 11:16:04', '2025-05-24 11:16:04'),
(498, 1, 'admin/category', 'POST', '127.0.0.1', '{\"title\":\"Prada\",\"slug\":null,\"icon\":null,\"color\":null,\"description\":null,\"parent_id\":\"29\",\"_token\":\"v0RkofTc5zlBERiQljRSC4Dy1WXPddk6mX6dsDTH\",\"_previous_\":\"http:\\/\\/127.0.0.1:8000\\/admin\\/category\"}', '2025-05-24 11:16:10', '2025-05-24 11:16:10'),
(499, 1, 'admin/category', 'GET', '127.0.0.1', '[]', '2025-05-24 11:16:10', '2025-05-24 11:16:10'),
(500, 1, 'admin/category/create', 'GET', '127.0.0.1', '{\"_pjax\":\"#pjax-container\"}', '2025-05-24 11:16:12', '2025-05-24 11:16:12'),
(501, 1, 'admin/category', 'POST', '127.0.0.1', '{\"title\":\"Dolce and Gabbana\",\"slug\":null,\"icon\":null,\"color\":null,\"description\":null,\"parent_id\":\"29\",\"_token\":\"v0RkofTc5zlBERiQljRSC4Dy1WXPddk6mX6dsDTH\",\"_previous_\":\"http:\\/\\/127.0.0.1:8000\\/admin\\/category\"}', '2025-05-24 11:16:19', '2025-05-24 11:16:19'),
(502, 1, 'admin/category', 'GET', '127.0.0.1', '[]', '2025-05-24 11:16:19', '2025-05-24 11:16:19'),
(503, 1, 'admin/category/create', 'GET', '127.0.0.1', '{\"_pjax\":\"#pjax-container\"}', '2025-05-24 11:16:21', '2025-05-24 11:16:21'),
(504, 1, 'admin/category', 'POST', '127.0.0.1', '{\"title\":\"Chanel\",\"slug\":null,\"icon\":null,\"color\":null,\"description\":null,\"parent_id\":\"29\",\"_token\":\"v0RkofTc5zlBERiQljRSC4Dy1WXPddk6mX6dsDTH\",\"_previous_\":\"http:\\/\\/127.0.0.1:8000\\/admin\\/category\"}', '2025-05-24 11:16:28', '2025-05-24 11:16:28'),
(505, 1, 'admin/category', 'GET', '127.0.0.1', '[]', '2025-05-24 11:16:28', '2025-05-24 11:16:28'),
(506, 1, 'admin/category/create', 'GET', '127.0.0.1', '{\"_pjax\":\"#pjax-container\"}', '2025-05-24 11:16:29', '2025-05-24 11:16:29'),
(507, 1, 'admin/category', 'POST', '127.0.0.1', '{\"title\":\"Gucci\",\"slug\":null,\"icon\":null,\"color\":null,\"description\":null,\"parent_id\":\"29\",\"_token\":\"v0RkofTc5zlBERiQljRSC4Dy1WXPddk6mX6dsDTH\",\"_previous_\":\"http:\\/\\/127.0.0.1:8000\\/admin\\/category\"}', '2025-05-24 11:16:35', '2025-05-24 11:16:35'),
(508, 1, 'admin/category', 'GET', '127.0.0.1', '[]', '2025-05-24 11:16:35', '2025-05-24 11:16:35'),
(509, 1, 'admin/category/create', 'GET', '127.0.0.1', '{\"_pjax\":\"#pjax-container\"}', '2025-05-24 11:16:44', '2025-05-24 11:16:44'),
(510, 1, 'admin/category', 'POST', '127.0.0.1', '{\"title\":\"Fendi\",\"slug\":null,\"icon\":null,\"color\":null,\"description\":null,\"parent_id\":\"30\",\"_token\":\"v0RkofTc5zlBERiQljRSC4Dy1WXPddk6mX6dsDTH\",\"_previous_\":\"http:\\/\\/127.0.0.1:8000\\/admin\\/category\"}', '2025-05-24 11:16:49', '2025-05-24 11:16:49'),
(511, 1, 'admin/category', 'GET', '127.0.0.1', '[]', '2025-05-24 11:16:49', '2025-05-24 11:16:49'),
(512, 1, 'admin/category/create', 'GET', '127.0.0.1', '{\"_pjax\":\"#pjax-container\"}', '2025-05-24 11:16:51', '2025-05-24 11:16:51'),
(513, 1, 'admin/category', 'POST', '127.0.0.1', '{\"title\":\"Guess\",\"slug\":null,\"icon\":null,\"color\":null,\"description\":null,\"parent_id\":\"30\",\"_token\":\"v0RkofTc5zlBERiQljRSC4Dy1WXPddk6mX6dsDTH\",\"_previous_\":\"http:\\/\\/127.0.0.1:8000\\/admin\\/category\"}', '2025-05-24 11:16:57', '2025-05-24 11:16:57'),
(514, 1, 'admin/category', 'GET', '127.0.0.1', '[]', '2025-05-24 11:16:57', '2025-05-24 11:16:57'),
(515, 1, 'admin/category/create', 'GET', '127.0.0.1', '{\"_pjax\":\"#pjax-container\"}', '2025-05-24 11:16:58', '2025-05-24 11:16:58'),
(516, 1, 'admin/category', 'POST', '127.0.0.1', '{\"title\":\"Valentino\",\"slug\":null,\"icon\":null,\"color\":null,\"description\":null,\"parent_id\":\"30\",\"_token\":\"v0RkofTc5zlBERiQljRSC4Dy1WXPddk6mX6dsDTH\",\"_previous_\":\"http:\\/\\/127.0.0.1:8000\\/admin\\/category\"}', '2025-05-24 11:17:05', '2025-05-24 11:17:05'),
(517, 1, 'admin/category', 'GET', '127.0.0.1', '[]', '2025-05-24 11:17:05', '2025-05-24 11:17:05'),
(518, 1, 'admin/category/create', 'GET', '127.0.0.1', '{\"_pjax\":\"#pjax-container\"}', '2025-05-24 11:17:11', '2025-05-24 11:17:11'),
(519, 1, 'admin/category', 'POST', '127.0.0.1', '{\"title\":\"Dior\",\"slug\":null,\"icon\":null,\"color\":null,\"description\":null,\"parent_id\":\"30\",\"_token\":\"v0RkofTc5zlBERiQljRSC4Dy1WXPddk6mX6dsDTH\",\"_previous_\":\"http:\\/\\/127.0.0.1:8000\\/admin\\/category\"}', '2025-05-24 11:17:19', '2025-05-24 11:17:19'),
(520, 1, 'admin/category', 'GET', '127.0.0.1', '[]', '2025-05-24 11:17:19', '2025-05-24 11:17:19'),
(521, 1, 'admin/category/create', 'GET', '127.0.0.1', '{\"_pjax\":\"#pjax-container\"}', '2025-05-24 11:17:20', '2025-05-24 11:17:20'),
(522, 1, 'admin/category', 'POST', '127.0.0.1', '{\"title\":\"Versace\",\"slug\":null,\"icon\":null,\"color\":null,\"description\":null,\"parent_id\":\"30\",\"_token\":\"v0RkofTc5zlBERiQljRSC4Dy1WXPddk6mX6dsDTH\",\"_previous_\":\"http:\\/\\/127.0.0.1:8000\\/admin\\/category\"}', '2025-05-24 11:17:26', '2025-05-24 11:17:26'),
(523, 1, 'admin/category', 'GET', '127.0.0.1', '[]', '2025-05-24 11:17:27', '2025-05-24 11:17:27'),
(524, 1, 'admin/category', 'GET', '127.0.0.1', '[]', '2025-05-24 11:18:11', '2025-05-24 11:18:11'),
(525, 1, 'admin/category/57', 'GET', '127.0.0.1', '{\"_pjax\":\"#pjax-container\"}', '2025-05-24 11:18:23', '2025-05-24 11:18:23'),
(526, 1, 'admin/category', 'GET', '127.0.0.1', '{\"_pjax\":\"#pjax-container\"}', '2025-05-24 11:18:28', '2025-05-24 11:18:28'),
(527, 1, 'admin', 'GET', '127.0.0.1', '[]', '2025-05-25 06:45:40', '2025-05-25 06:45:40'),
(528, 1, 'admin/category', 'GET', '127.0.0.1', '{\"_pjax\":\"#pjax-container\"}', '2025-05-25 06:45:45', '2025-05-25 06:45:45'),
(529, 1, 'admin', 'GET', '127.0.0.1', '{\"_pjax\":\"#pjax-container\"}', '2025-05-25 06:45:48', '2025-05-25 06:45:48'),
(530, 1, 'admin/category', 'GET', '127.0.0.1', '{\"_pjax\":\"#pjax-container\"}', '2025-05-25 08:11:13', '2025-05-25 08:11:13'),
(531, 1, 'admin/product', 'GET', '127.0.0.1', '{\"_pjax\":\"#pjax-container\"}', '2025-05-25 08:13:28', '2025-05-25 08:13:28'),
(532, 1, 'admin/category', 'GET', '127.0.0.1', '{\"_pjax\":\"#pjax-container\"}', '2025-05-25 08:13:31', '2025-05-25 08:13:31'),
(533, 1, 'admin/product', 'GET', '127.0.0.1', '{\"_pjax\":\"#pjax-container\"}', '2025-05-25 08:13:52', '2025-05-25 08:13:52'),
(534, 1, 'admin', 'GET', '127.0.0.1', '[]', '2025-05-28 07:13:36', '2025-05-28 07:13:36'),
(535, 1, 'admin/product', 'GET', '127.0.0.1', '{\"_pjax\":\"#pjax-container\"}', '2025-05-28 07:13:40', '2025-05-28 07:13:40'),
(536, 1, 'admin/product/create', 'GET', '127.0.0.1', '{\"_pjax\":\"#pjax-container\"}', '2025-05-28 07:14:04', '2025-05-28 07:14:04'),
(537, 1, 'admin/product/create', 'GET', '127.0.0.1', '[]', '2025-05-28 07:17:23', '2025-05-28 07:17:23'),
(538, 1, 'admin/product/create', 'GET', '127.0.0.1', '[]', '2025-05-28 07:17:57', '2025-05-28 07:17:57'),
(539, 1, 'admin/product', 'POST', '127.0.0.1', '{\"title\":\"Easy Polo Black Edition\",\"slug\":null,\"category_id\":null,\"unit\":\"1\",\"stock\":\"10\",\"price\":\"56\",\"discount\":\"0\",\"description\":null,\"publish\":\"on\",\"_token\":\"L15qvrVB0pda8ebcPI5n78SwI2SF3P77TjK4ZXgo\"}', '2025-05-28 07:19:20', '2025-05-28 07:19:20'),
(540, 1, 'admin/product/create', 'GET', '127.0.0.1', '[]', '2025-05-28 07:19:22', '2025-05-28 07:19:22'),
(541, 1, 'admin/product/create', 'GET', '127.0.0.1', '[]', '2025-05-28 07:20:06', '2025-05-28 07:20:06'),
(542, 1, 'admin/product', 'POST', '127.0.0.1', '{\"title\":\"Easy Polo Black Edition\",\"slug\":null,\"category_id\":null,\"unit\":\"1\",\"stock\":\"10\",\"price\":\"56\",\"discount\":\"0\",\"description\":null,\"publish\":\"on\",\"_token\":\"L15qvrVB0pda8ebcPI5n78SwI2SF3P77TjK4ZXgo\"}', '2025-05-28 07:20:27', '2025-05-28 07:20:27'),
(543, 1, 'admin/product', 'GET', '127.0.0.1', '[]', '2025-05-28 07:20:27', '2025-05-28 07:20:27'),
(544, 1, 'admin/product/3', 'GET', '127.0.0.1', '{\"_pjax\":\"#pjax-container\"}', '2025-05-28 07:20:41', '2025-05-28 07:20:41'),
(545, 1, 'admin/product', 'GET', '127.0.0.1', '{\"_pjax\":\"#pjax-container\"}', '2025-05-28 07:20:47', '2025-05-28 07:20:47'),
(546, 1, 'admin/product/create', 'GET', '127.0.0.1', '{\"_pjax\":\"#pjax-container\"}', '2025-05-28 07:20:53', '2025-05-28 07:20:53'),
(547, 1, 'admin/product', 'POST', '127.0.0.1', '{\"title\":\"Easy Polo Black Edition 2\",\"slug\":null,\"category_id\":null,\"unit\":\"1\",\"stock\":\"10\",\"price\":\"56\",\"discount\":\"0\",\"description\":null,\"publish\":\"on\",\"_token\":\"L15qvrVB0pda8ebcPI5n78SwI2SF3P77TjK4ZXgo\",\"_previous_\":\"http:\\/\\/127.0.0.1:8000\\/admin\\/product\"}', '2025-05-28 07:21:13', '2025-05-28 07:21:13'),
(548, 1, 'admin/product', 'GET', '127.0.0.1', '[]', '2025-05-28 07:21:13', '2025-05-28 07:21:13'),
(549, 1, 'admin/product/create', 'GET', '127.0.0.1', '{\"_pjax\":\"#pjax-container\"}', '2025-05-28 07:21:18', '2025-05-28 07:21:18'),
(550, 1, 'admin/product', 'POST', '127.0.0.1', '{\"title\":\"Easy Polo Black Edition 3\",\"slug\":null,\"category_id\":null,\"unit\":\"1\",\"stock\":\"10\",\"price\":\"56\",\"discount\":\"0\",\"description\":null,\"publish\":\"on\",\"_token\":\"L15qvrVB0pda8ebcPI5n78SwI2SF3P77TjK4ZXgo\",\"_previous_\":\"http:\\/\\/127.0.0.1:8000\\/admin\\/product\"}', '2025-05-28 07:21:43', '2025-05-28 07:21:43'),
(551, 1, 'admin/product', 'GET', '127.0.0.1', '[]', '2025-05-28 07:21:44', '2025-05-28 07:21:44'),
(552, 1, 'admin/product', 'GET', '127.0.0.1', '[]', '2025-05-28 07:22:13', '2025-05-28 07:22:13'),
(553, 1, 'admin/product', 'GET', '127.0.0.1', '[]', '2025-05-28 07:22:17', '2025-05-28 07:22:17'),
(554, 1, 'admin/product', 'GET', '127.0.0.1', '[]', '2025-05-28 07:22:28', '2025-05-28 07:22:28'),
(555, 1, 'admin/product/create', 'GET', '127.0.0.1', '{\"_pjax\":\"#pjax-container\"}', '2025-05-28 07:23:10', '2025-05-28 07:23:10'),
(556, 1, 'admin/product', 'POST', '127.0.0.1', '{\"title\":\"Easy Polo Black Edition 4\",\"slug\":null,\"category_id\":null,\"unit\":\"1\",\"stock\":\"10\",\"price\":\"56\",\"discount\":\"0\",\"description\":null,\"publish\":\"on\",\"_token\":\"L15qvrVB0pda8ebcPI5n78SwI2SF3P77TjK4ZXgo\",\"_previous_\":\"http:\\/\\/127.0.0.1:8000\\/admin\\/product\"}', '2025-05-28 07:23:57', '2025-05-28 07:23:57'),
(557, 1, 'admin/product', 'GET', '127.0.0.1', '[]', '2025-05-28 07:23:57', '2025-05-28 07:23:57'),
(558, 1, 'admin/product/create', 'GET', '127.0.0.1', '{\"_pjax\":\"#pjax-container\"}', '2025-05-28 07:23:59', '2025-05-28 07:23:59'),
(559, 1, 'admin/product', 'POST', '127.0.0.1', '{\"title\":\"Easy Polo Black Edition 5\",\"slug\":null,\"category_id\":null,\"unit\":\"1\",\"stock\":\"10\",\"price\":\"56\",\"discount\":\"10\",\"description\":null,\"publish\":\"on\",\"_token\":\"L15qvrVB0pda8ebcPI5n78SwI2SF3P77TjK4ZXgo\",\"_previous_\":\"http:\\/\\/127.0.0.1:8000\\/admin\\/product\"}', '2025-05-28 07:24:21', '2025-05-28 07:24:21'),
(560, 1, 'admin/product', 'GET', '127.0.0.1', '[]', '2025-05-28 07:24:21', '2025-05-28 07:24:21'),
(561, 1, 'admin/product/create', 'GET', '127.0.0.1', '{\"_pjax\":\"#pjax-container\"}', '2025-05-28 07:24:29', '2025-05-28 07:24:29'),
(562, 1, 'admin/product', 'POST', '127.0.0.1', '{\"title\":\"Easy Polo Black Edition 6\",\"slug\":null,\"category_id\":null,\"unit\":\"1\",\"stock\":\"10\",\"price\":\"56\",\"discount\":\"0\",\"description\":null,\"publish\":\"on\",\"_token\":\"L15qvrVB0pda8ebcPI5n78SwI2SF3P77TjK4ZXgo\",\"_previous_\":\"http:\\/\\/127.0.0.1:8000\\/admin\\/product\"}', '2025-05-28 07:24:47', '2025-05-28 07:24:47'),
(563, 1, 'admin/product', 'GET', '127.0.0.1', '[]', '2025-05-28 07:24:47', '2025-05-28 07:24:47'),
(564, 1, 'admin/product/6/edit', 'GET', '127.0.0.1', '{\"_pjax\":\"#pjax-container\"}', '2025-05-28 07:27:01', '2025-05-28 07:27:01'),
(565, 1, 'admin/product/6', 'PUT', '127.0.0.1', '{\"title\":\"Easy Polo Black Edition 4\",\"slug\":\"easy-polo-black-edition-4\",\"category_id\":null,\"unit\":\"1\",\"stock\":\"10\",\"price\":\"56\",\"discount\":\"0\",\"description\":null,\"more_details\":{\"keys\":[\"new-product\"],\"values\":[\"1\"]},\"publish\":\"on\",\"_token\":\"L15qvrVB0pda8ebcPI5n78SwI2SF3P77TjK4ZXgo\",\"_method\":\"PUT\",\"_previous_\":\"http:\\/\\/127.0.0.1:8000\\/admin\\/product\"}', '2025-05-28 07:27:13', '2025-05-28 07:27:13'),
(566, 1, 'admin/product', 'GET', '127.0.0.1', '[]', '2025-05-28 07:27:13', '2025-05-28 07:27:13'),
(567, 1, 'admin/product/6', 'GET', '127.0.0.1', '{\"_pjax\":\"#pjax-container\"}', '2025-05-28 07:27:20', '2025-05-28 07:27:20'),
(568, 1, 'admin/product', 'GET', '127.0.0.1', '{\"_pjax\":\"#pjax-container\"}', '2025-05-28 07:27:24', '2025-05-28 07:27:24'),
(569, 1, 'admin/product/7/edit', 'GET', '127.0.0.1', '{\"_pjax\":\"#pjax-container\"}', '2025-05-28 07:27:32', '2025-05-28 07:27:32'),
(570, 1, 'admin/product/7', 'PUT', '127.0.0.1', '{\"title\":\"Easy Polo Black Edition 5\",\"slug\":\"easy-polo-black-edition-5\",\"category_id\":null,\"unit\":\"1\",\"stock\":\"10\",\"price\":\"56\",\"discount\":\"10\",\"description\":null,\"more_details\":{\"keys\":[\"product-sale\"],\"values\":[\"1\"]},\"publish\":\"on\",\"_token\":\"L15qvrVB0pda8ebcPI5n78SwI2SF3P77TjK4ZXgo\",\"_method\":\"PUT\",\"_previous_\":\"http:\\/\\/127.0.0.1:8000\\/admin\\/product\"}', '2025-05-28 07:27:41', '2025-05-28 07:27:41'),
(571, 1, 'admin/product', 'GET', '127.0.0.1', '[]', '2025-05-28 07:27:41', '2025-05-28 07:27:41'),
(572, 1, 'admin/product/create', 'GET', '127.0.0.1', '{\"_pjax\":\"#pjax-container\"}', '2025-05-28 07:29:41', '2025-05-28 07:29:41'),
(573, 1, 'admin/product', 'POST', '127.0.0.1', '{\"title\":\"Easy Polo Black Edition 7\",\"slug\":null,\"category_id\":\"28\",\"unit\":\"1\",\"stock\":\"10\",\"price\":\"56\",\"discount\":null,\"description\":null,\"publish\":\"on\",\"_token\":\"L15qvrVB0pda8ebcPI5n78SwI2SF3P77TjK4ZXgo\",\"_previous_\":\"http:\\/\\/127.0.0.1:8000\\/admin\\/product\"}', '2025-05-28 07:30:26', '2025-05-28 07:30:26'),
(574, 1, 'admin/product', 'GET', '127.0.0.1', '[]', '2025-05-28 07:30:26', '2025-05-28 07:30:26'),
(575, 1, 'admin/product/9/edit', 'GET', '127.0.0.1', '{\"_pjax\":\"#pjax-container\"}', '2025-05-28 07:30:36', '2025-05-28 07:30:36'),
(576, 1, 'admin/product/9', 'PUT', '127.0.0.1', '{\"title\":\"Easy Polo Black Edition 7\",\"slug\":\"easy-polo-black-edition-7\",\"category_id\":\"28\",\"unit\":\"1\",\"stock\":\"10\",\"price\":\"56\",\"discount\":\"0\",\"description\":null,\"publish\":\"on\",\"_token\":\"L15qvrVB0pda8ebcPI5n78SwI2SF3P77TjK4ZXgo\",\"_method\":\"PUT\",\"_previous_\":\"http:\\/\\/127.0.0.1:8000\\/admin\\/product\"}', '2025-05-28 07:30:41', '2025-05-28 07:30:41'),
(577, 1, 'admin/product', 'GET', '127.0.0.1', '[]', '2025-05-28 07:30:41', '2025-05-28 07:30:41'),
(578, 1, 'admin/product/create', 'GET', '127.0.0.1', '{\"_pjax\":\"#pjax-container\"}', '2025-05-28 07:30:43', '2025-05-28 07:30:43'),
(579, 1, 'admin/product', 'POST', '127.0.0.1', '{\"title\":\"Easy Polo Black Edition 8\",\"slug\":null,\"category_id\":null,\"unit\":\"1\",\"stock\":\"10\",\"price\":\"56\",\"discount\":\"0\",\"description\":null,\"publish\":\"on\",\"_token\":\"L15qvrVB0pda8ebcPI5n78SwI2SF3P77TjK4ZXgo\",\"_previous_\":\"http:\\/\\/127.0.0.1:8000\\/admin\\/product\"}', '2025-05-28 07:31:05', '2025-05-28 07:31:05'),
(580, 1, 'admin/product', 'GET', '127.0.0.1', '[]', '2025-05-28 07:31:05', '2025-05-28 07:31:05'),
(581, 1, 'admin/product/10/edit', 'GET', '127.0.0.1', '{\"_pjax\":\"#pjax-container\"}', '2025-05-28 07:31:09', '2025-05-28 07:31:09'),
(582, 1, 'admin/product/10', 'PUT', '127.0.0.1', '{\"title\":\"Easy Polo Black Edition 8\",\"slug\":\"easy-polo-black-edition-8\",\"category_id\":\"28\",\"unit\":\"1\",\"stock\":\"10\",\"price\":\"56\",\"discount\":\"0\",\"description\":null,\"publish\":\"on\",\"_token\":\"L15qvrVB0pda8ebcPI5n78SwI2SF3P77TjK4ZXgo\",\"_method\":\"PUT\",\"_previous_\":\"http:\\/\\/127.0.0.1:8000\\/admin\\/product\"}', '2025-05-28 07:31:13', '2025-05-28 07:31:13'),
(583, 1, 'admin/product', 'GET', '127.0.0.1', '[]', '2025-05-28 07:31:13', '2025-05-28 07:31:13'),
(584, 1, 'admin/product/create', 'GET', '127.0.0.1', '{\"_pjax\":\"#pjax-container\"}', '2025-05-28 07:31:17', '2025-05-28 07:31:17'),
(585, 1, 'admin/product', 'POST', '127.0.0.1', '{\"title\":\"Easy Polo Black Edition 9\",\"slug\":null,\"category_id\":\"28\",\"unit\":\"1\",\"stock\":\"10\",\"price\":\"56\",\"discount\":\"0\",\"description\":null,\"publish\":\"on\",\"_token\":\"L15qvrVB0pda8ebcPI5n78SwI2SF3P77TjK4ZXgo\",\"_previous_\":\"http:\\/\\/127.0.0.1:8000\\/admin\\/product\"}', '2025-05-28 07:31:35', '2025-05-28 07:31:35'),
(586, 1, 'admin/product', 'GET', '127.0.0.1', '[]', '2025-05-28 07:31:36', '2025-05-28 07:31:36'),
(587, 1, 'admin/product/create', 'GET', '127.0.0.1', '{\"_pjax\":\"#pjax-container\"}', '2025-05-28 07:31:41', '2025-05-28 07:31:41'),
(588, 1, 'admin/product', 'POST', '127.0.0.1', '{\"title\":\"Easy Polo Black Edition 10\",\"slug\":null,\"category_id\":\"28\",\"unit\":\"1\",\"stock\":\"10\",\"price\":\"56\",\"discount\":\"0\",\"description\":null,\"publish\":\"on\",\"_token\":\"L15qvrVB0pda8ebcPI5n78SwI2SF3P77TjK4ZXgo\",\"_previous_\":\"http:\\/\\/127.0.0.1:8000\\/admin\\/product\"}', '2025-05-28 07:31:58', '2025-05-28 07:31:58'),
(589, 1, 'admin/product', 'GET', '127.0.0.1', '[]', '2025-05-28 07:31:59', '2025-05-28 07:31:59'),
(590, 1, 'admin/product/create', 'GET', '127.0.0.1', '{\"_pjax\":\"#pjax-container\"}', '2025-05-28 08:01:07', '2025-05-28 08:01:07'),
(591, 1, 'admin/product', 'POST', '127.0.0.1', '{\"title\":\"Easy Polo Black Edition 10\",\"slug\":null,\"category_id\":\"29\",\"unit\":\"1\",\"stock\":\"10\",\"price\":\"56\",\"discount\":\"0\",\"description\":null,\"publish\":\"on\",\"_token\":\"L15qvrVB0pda8ebcPI5n78SwI2SF3P77TjK4ZXgo\",\"_previous_\":\"http:\\/\\/127.0.0.1:8000\\/admin\\/product\"}', '2025-05-28 08:01:51', '2025-05-28 08:01:51'),
(592, 1, 'admin/product', 'GET', '127.0.0.1', '[]', '2025-05-28 08:01:51', '2025-05-28 08:01:51'),
(593, 1, 'admin/product/13/edit', 'GET', '127.0.0.1', '{\"_pjax\":\"#pjax-container\"}', '2025-05-28 08:02:03', '2025-05-28 08:02:03'),
(594, 1, 'admin/product/13', 'PUT', '127.0.0.1', '{\"title\":\"Easy Polo Black Edition 11\",\"slug\":\"easy-polo-black-edition-10\",\"category_id\":\"29\",\"unit\":\"1\",\"stock\":\"10\",\"price\":\"56\",\"discount\":\"0\",\"description\":null,\"publish\":\"on\",\"_token\":\"L15qvrVB0pda8ebcPI5n78SwI2SF3P77TjK4ZXgo\",\"_method\":\"PUT\",\"_previous_\":\"http:\\/\\/127.0.0.1:8000\\/admin\\/product\"}', '2025-05-28 08:02:14', '2025-05-28 08:02:14'),
(595, 1, 'admin/product', 'GET', '127.0.0.1', '[]', '2025-05-28 08:02:14', '2025-05-28 08:02:14'),
(596, 1, 'admin/product/create', 'GET', '127.0.0.1', '{\"_pjax\":\"#pjax-container\"}', '2025-05-28 08:02:20', '2025-05-28 08:02:20'),
(597, 1, 'admin/product', 'POST', '127.0.0.1', '{\"title\":\"Easy Polo Black Edition 12\",\"slug\":null,\"category_id\":\"29\",\"unit\":\"1\",\"stock\":\"10\",\"price\":\"56\",\"discount\":null,\"description\":null,\"publish\":\"on\",\"_token\":\"L15qvrVB0pda8ebcPI5n78SwI2SF3P77TjK4ZXgo\",\"_previous_\":\"http:\\/\\/127.0.0.1:8000\\/admin\\/product\"}', '2025-05-28 08:02:42', '2025-05-28 08:02:42'),
(598, 1, 'admin/product', 'GET', '127.0.0.1', '[]', '2025-05-28 08:02:42', '2025-05-28 08:02:42'),
(599, 1, 'admin/product/create', 'GET', '127.0.0.1', '{\"_pjax\":\"#pjax-container\"}', '2025-05-28 08:02:50', '2025-05-28 08:02:50'),
(600, 1, 'admin/product', 'POST', '127.0.0.1', '{\"title\":\"Easy Polo Black Edition 13\",\"slug\":null,\"category_id\":\"29\",\"unit\":\"1\",\"stock\":\"10\",\"price\":\"56\",\"discount\":\"0\",\"description\":null,\"publish\":\"on\",\"_token\":\"L15qvrVB0pda8ebcPI5n78SwI2SF3P77TjK4ZXgo\",\"_previous_\":\"http:\\/\\/127.0.0.1:8000\\/admin\\/product\"}', '2025-05-28 08:03:08', '2025-05-28 08:03:08'),
(601, 1, 'admin/product', 'GET', '127.0.0.1', '[]', '2025-05-28 08:03:09', '2025-05-28 08:03:09'),
(602, 1, 'admin/product/create', 'GET', '127.0.0.1', '{\"_pjax\":\"#pjax-container\"}', '2025-05-28 08:03:20', '2025-05-28 08:03:20'),
(603, 1, 'admin/product', 'GET', '127.0.0.1', '{\"_pjax\":\"#pjax-container\"}', '2025-05-28 08:03:26', '2025-05-28 08:03:26'),
(604, 1, 'admin/product/create', 'GET', '127.0.0.1', '{\"_pjax\":\"#pjax-container\"}', '2025-05-28 08:03:28', '2025-05-28 08:03:28'),
(605, 1, 'admin/product', 'POST', '127.0.0.1', '{\"title\":\"Easy Polo Black Edition 14\",\"slug\":null,\"category_id\":null,\"unit\":\"1\",\"stock\":\"10\",\"price\":\"56\",\"discount\":\"0\",\"description\":null,\"publish\":\"on\",\"_token\":\"L15qvrVB0pda8ebcPI5n78SwI2SF3P77TjK4ZXgo\",\"_previous_\":\"http:\\/\\/127.0.0.1:8000\\/admin\\/product\"}', '2025-05-28 08:03:42', '2025-05-28 08:03:42'),
(606, 1, 'admin/product', 'GET', '127.0.0.1', '[]', '2025-05-28 08:03:42', '2025-05-28 08:03:42'),
(607, 1, 'admin/product/16/edit', 'GET', '127.0.0.1', '{\"_pjax\":\"#pjax-container\"}', '2025-05-28 08:03:48', '2025-05-28 08:03:48'),
(608, 1, 'admin/product/16', 'PUT', '127.0.0.1', '{\"title\":\"Easy Polo Black Edition 14\",\"slug\":\"easy-polo-black-edition-14\",\"category_id\":\"29\",\"unit\":\"1\",\"stock\":\"10\",\"price\":\"56\",\"discount\":\"0\",\"description\":null,\"publish\":\"on\",\"_token\":\"L15qvrVB0pda8ebcPI5n78SwI2SF3P77TjK4ZXgo\",\"_method\":\"PUT\",\"_previous_\":\"http:\\/\\/127.0.0.1:8000\\/admin\\/product\"}', '2025-05-28 08:03:52', '2025-05-28 08:03:52'),
(609, 1, 'admin/product', 'GET', '127.0.0.1', '[]', '2025-05-28 08:03:52', '2025-05-28 08:03:52'),
(610, 1, 'admin/product/create', 'GET', '127.0.0.1', '{\"_pjax\":\"#pjax-container\"}', '2025-05-28 08:05:37', '2025-05-28 08:05:37'),
(611, 1, 'admin/product', 'POST', '127.0.0.1', '{\"title\":\"Easy Polo Black Edition 15\",\"slug\":null,\"category_id\":\"30\",\"unit\":\"1\",\"stock\":\"10\",\"price\":\"56\",\"discount\":\"0\",\"description\":null,\"publish\":\"on\",\"_token\":\"L15qvrVB0pda8ebcPI5n78SwI2SF3P77TjK4ZXgo\",\"_previous_\":\"http:\\/\\/127.0.0.1:8000\\/admin\\/product\"}', '2025-05-28 08:06:04', '2025-05-28 08:06:04'),
(612, 1, 'admin/product', 'GET', '127.0.0.1', '[]', '2025-05-28 08:06:04', '2025-05-28 08:06:04'),
(613, 1, 'admin/product/create', 'GET', '127.0.0.1', '{\"_pjax\":\"#pjax-container\"}', '2025-05-28 08:06:10', '2025-05-28 08:06:10'),
(614, 1, 'admin/product', 'POST', '127.0.0.1', '{\"title\":\"Easy Polo Black Edition 16\",\"slug\":null,\"category_id\":\"30\",\"unit\":\"1\",\"stock\":\"10\",\"price\":\"56\",\"discount\":\"0\",\"description\":null,\"publish\":\"on\",\"_token\":\"L15qvrVB0pda8ebcPI5n78SwI2SF3P77TjK4ZXgo\",\"_previous_\":\"http:\\/\\/127.0.0.1:8000\\/admin\\/product\"}', '2025-05-28 08:06:25', '2025-05-28 08:06:25'),
(615, 1, 'admin/product', 'GET', '127.0.0.1', '[]', '2025-05-28 08:06:26', '2025-05-28 08:06:26'),
(616, 1, 'admin/product/create', 'GET', '127.0.0.1', '{\"_pjax\":\"#pjax-container\"}', '2025-05-28 08:10:13', '2025-05-28 08:10:13'),
(617, 1, 'admin/product', 'GET', '127.0.0.1', '{\"_pjax\":\"#pjax-container\"}', '2025-05-28 08:10:15', '2025-05-28 08:10:15'),
(618, 1, 'admin/product/create', 'GET', '127.0.0.1', '{\"_pjax\":\"#pjax-container\"}', '2025-05-28 08:10:17', '2025-05-28 08:10:17'),
(619, 1, 'admin/product', 'POST', '127.0.0.1', '{\"title\":\"Easy Polo Black Edition 17\",\"slug\":null,\"category_id\":\"30\",\"unit\":null,\"stock\":\"10\",\"price\":\"56\",\"discount\":\"0\",\"description\":null,\"publish\":\"on\",\"_token\":\"L15qvrVB0pda8ebcPI5n78SwI2SF3P77TjK4ZXgo\",\"_previous_\":\"http:\\/\\/127.0.0.1:8000\\/admin\\/product\"}', '2025-05-28 08:10:41', '2025-05-28 08:10:41'),
(620, 1, 'admin/product', 'GET', '127.0.0.1', '[]', '2025-05-28 08:10:41', '2025-05-28 08:10:41'),
(621, 1, 'admin/product/create', 'GET', '127.0.0.1', '{\"_pjax\":\"#pjax-container\"}', '2025-05-28 08:10:46', '2025-05-28 08:10:46'),
(622, 1, 'admin/product', 'POST', '127.0.0.1', '{\"title\":\"Easy Polo Black Edition 18\",\"slug\":null,\"category_id\":\"30\",\"unit\":\"1\",\"stock\":\"10\",\"price\":\"56\",\"discount\":\"0\",\"description\":null,\"publish\":\"on\",\"_token\":\"L15qvrVB0pda8ebcPI5n78SwI2SF3P77TjK4ZXgo\",\"_previous_\":\"http:\\/\\/127.0.0.1:8000\\/admin\\/product\"}', '2025-05-28 08:11:05', '2025-05-28 08:11:05'),
(623, 1, 'admin/product', 'GET', '127.0.0.1', '[]', '2025-05-28 08:11:05', '2025-05-28 08:11:05'),
(624, 1, 'admin/product/create', 'GET', '127.0.0.1', '{\"_pjax\":\"#pjax-container\"}', '2025-05-28 09:09:36', '2025-05-28 09:09:36'),
(625, 1, 'admin/product', 'POST', '127.0.0.1', '{\"title\":\"Easy Polo Black Edition 19\",\"slug\":null,\"category_id\":\"31\",\"unit\":\"1\",\"stock\":\"10\",\"price\":\"56\",\"discount\":\"0\",\"description\":null,\"publish\":\"on\",\"_token\":\"L15qvrVB0pda8ebcPI5n78SwI2SF3P77TjK4ZXgo\",\"_previous_\":\"http:\\/\\/127.0.0.1:8000\\/admin\\/product\"}', '2025-05-28 09:10:02', '2025-05-28 09:10:02'),
(626, 1, 'admin/product', 'GET', '127.0.0.1', '[]', '2025-05-28 09:10:02', '2025-05-28 09:10:02'),
(627, 1, 'admin/product/create', 'GET', '127.0.0.1', '{\"_pjax\":\"#pjax-container\"}', '2025-05-28 09:10:05', '2025-05-28 09:10:05'),
(628, 1, 'admin/product', 'GET', '127.0.0.1', '{\"_pjax\":\"#pjax-container\"}', '2025-05-28 09:10:08', '2025-05-28 09:10:08'),
(629, 1, 'admin/product/create', 'GET', '127.0.0.1', '{\"_pjax\":\"#pjax-container\"}', '2025-05-28 09:10:10', '2025-05-28 09:10:10'),
(630, 1, 'admin/product', 'POST', '127.0.0.1', '{\"title\":\"Easy Polo Black Edition 20\",\"slug\":null,\"category_id\":\"31\",\"unit\":\"1\",\"stock\":\"10\",\"price\":\"56\",\"discount\":\"0\",\"description\":null,\"publish\":\"on\",\"_token\":\"L15qvrVB0pda8ebcPI5n78SwI2SF3P77TjK4ZXgo\",\"_previous_\":\"http:\\/\\/127.0.0.1:8000\\/admin\\/product\"}', '2025-05-28 09:10:28', '2025-05-28 09:10:28'),
(631, 1, 'admin/product', 'GET', '127.0.0.1', '[]', '2025-05-28 09:10:28', '2025-05-28 09:10:28'),
(632, 1, 'admin/product/create', 'GET', '127.0.0.1', '{\"_pjax\":\"#pjax-container\"}', '2025-05-28 09:10:31', '2025-05-28 09:10:31'),
(633, 1, 'admin/product', 'POST', '127.0.0.1', '{\"title\":\"Easy Polo Black Edition 21\",\"slug\":null,\"category_id\":\"31\",\"unit\":\"1\",\"stock\":\"10\",\"price\":\"56\",\"discount\":\"0\",\"description\":null,\"publish\":\"on\",\"_token\":\"L15qvrVB0pda8ebcPI5n78SwI2SF3P77TjK4ZXgo\",\"_previous_\":\"http:\\/\\/127.0.0.1:8000\\/admin\\/product\"}', '2025-05-28 09:10:47', '2025-05-28 09:10:47'),
(634, 1, 'admin/product', 'GET', '127.0.0.1', '[]', '2025-05-28 09:10:47', '2025-05-28 09:10:47'),
(635, 1, 'admin/product/create', 'GET', '127.0.0.1', '{\"_pjax\":\"#pjax-container\"}', '2025-05-28 09:10:49', '2025-05-28 09:10:49'),
(636, 1, 'admin/product', 'POST', '127.0.0.1', '{\"title\":\"Easy Polo Black Edition 22\",\"slug\":null,\"category_id\":\"31\",\"unit\":\"1\",\"stock\":\"10\",\"price\":\"56\",\"discount\":\"0\",\"description\":null,\"publish\":\"on\",\"_token\":\"L15qvrVB0pda8ebcPI5n78SwI2SF3P77TjK4ZXgo\",\"_previous_\":\"http:\\/\\/127.0.0.1:8000\\/admin\\/product\"}', '2025-05-28 09:11:05', '2025-05-28 09:11:05'),
(637, 1, 'admin/product', 'GET', '127.0.0.1', '[]', '2025-05-28 09:11:05', '2025-05-28 09:11:05'),
(638, 1, 'admin/product/create', 'GET', '127.0.0.1', '{\"_pjax\":\"#pjax-container\"}', '2025-05-28 09:11:11', '2025-05-28 09:11:11'),
(639, 1, 'admin/product', 'POST', '127.0.0.1', '{\"title\":\"Easy Polo Black Edition 23\",\"slug\":null,\"category_id\":\"32\",\"unit\":\"1\",\"stock\":\"10\",\"price\":\"56\",\"discount\":\"0\",\"description\":null,\"publish\":\"on\",\"_token\":\"L15qvrVB0pda8ebcPI5n78SwI2SF3P77TjK4ZXgo\",\"_previous_\":\"http:\\/\\/127.0.0.1:8000\\/admin\\/product\"}', '2025-05-28 09:11:28', '2025-05-28 09:11:28'),
(640, 1, 'admin/product', 'GET', '127.0.0.1', '[]', '2025-05-28 09:11:28', '2025-05-28 09:11:28'),
(641, 1, 'admin/product/create', 'GET', '127.0.0.1', '{\"_pjax\":\"#pjax-container\"}', '2025-05-28 09:11:32', '2025-05-28 09:11:32'),
(642, 1, 'admin/product', 'POST', '127.0.0.1', '{\"title\":\"Easy Polo Black Edition 24\",\"slug\":null,\"category_id\":\"32\",\"unit\":\"1\",\"stock\":\"10\",\"price\":\"56\",\"discount\":\"0\",\"description\":null,\"publish\":\"on\",\"_token\":\"L15qvrVB0pda8ebcPI5n78SwI2SF3P77TjK4ZXgo\",\"_previous_\":\"http:\\/\\/127.0.0.1:8000\\/admin\\/product\"}', '2025-05-28 09:11:50', '2025-05-28 09:11:50'),
(643, 1, 'admin/product', 'GET', '127.0.0.1', '[]', '2025-05-28 09:11:51', '2025-05-28 09:11:51'),
(644, 1, 'admin/product/create', 'GET', '127.0.0.1', '{\"_pjax\":\"#pjax-container\"}', '2025-05-28 09:11:53', '2025-05-28 09:11:53'),
(645, 1, 'admin/product', 'POST', '127.0.0.1', '{\"title\":\"Easy Polo Black Edition 25\",\"slug\":null,\"category_id\":\"32\",\"unit\":\"1\",\"stock\":\"10\",\"price\":\"56\",\"discount\":\"0\",\"description\":null,\"publish\":\"on\",\"_token\":\"L15qvrVB0pda8ebcPI5n78SwI2SF3P77TjK4ZXgo\",\"_previous_\":\"http:\\/\\/127.0.0.1:8000\\/admin\\/product\"}', '2025-05-28 09:12:10', '2025-05-28 09:12:10'),
(646, 1, 'admin/product', 'GET', '127.0.0.1', '[]', '2025-05-28 09:12:10', '2025-05-28 09:12:10'),
(647, 1, 'admin/product/create', 'GET', '127.0.0.1', '{\"_pjax\":\"#pjax-container\"}', '2025-05-28 09:12:13', '2025-05-28 09:12:13'),
(648, 1, 'admin/product', 'GET', '127.0.0.1', '{\"_pjax\":\"#pjax-container\"}', '2025-05-28 09:12:15', '2025-05-28 09:12:15'),
(649, 1, 'admin/product/create', 'GET', '127.0.0.1', '{\"_pjax\":\"#pjax-container\"}', '2025-05-28 09:12:17', '2025-05-28 09:12:17'),
(650, 1, 'admin/product', 'POST', '127.0.0.1', '{\"title\":\"Easy Polo Black Edition 26\",\"slug\":null,\"category_id\":\"32\",\"unit\":\"1\",\"stock\":\"10\",\"price\":\"56\",\"discount\":\"0\",\"description\":null,\"publish\":\"on\",\"_token\":\"L15qvrVB0pda8ebcPI5n78SwI2SF3P77TjK4ZXgo\",\"_previous_\":\"http:\\/\\/127.0.0.1:8000\\/admin\\/product\"}', '2025-05-28 09:12:34', '2025-05-28 09:12:34'),
(651, 1, 'admin/product', 'GET', '127.0.0.1', '[]', '2025-05-28 09:12:34', '2025-05-28 09:12:34'),
(652, 1, 'admin/product/create', 'GET', '127.0.0.1', '{\"_pjax\":\"#pjax-container\"}', '2025-05-28 09:17:57', '2025-05-28 09:17:57'),
(653, 1, 'admin/product', 'GET', '127.0.0.1', '{\"_pjax\":\"#pjax-container\"}', '2025-05-28 09:18:07', '2025-05-28 09:18:07'),
(654, 1, 'admin/product/create', 'GET', '127.0.0.1', '{\"_pjax\":\"#pjax-container\"}', '2025-05-28 09:18:10', '2025-05-28 09:18:10'),
(655, 1, 'admin/product', 'POST', '127.0.0.1', '{\"title\":\"Easy Polo Black Edition 27\",\"slug\":null,\"category_id\":\"33\",\"unit\":\"1\",\"stock\":\"10\",\"price\":\"56\",\"discount\":\"0\",\"description\":null,\"more_details\":{\"keys\":[\"product-recommend\"],\"values\":[\"1\"]},\"publish\":\"on\",\"_token\":\"L15qvrVB0pda8ebcPI5n78SwI2SF3P77TjK4ZXgo\",\"_previous_\":\"http:\\/\\/127.0.0.1:8000\\/admin\\/product\"}', '2025-05-28 09:19:02', '2025-05-28 09:19:02'),
(656, 1, 'admin/product', 'GET', '127.0.0.1', '[]', '2025-05-28 09:19:02', '2025-05-28 09:19:02'),
(657, 1, 'admin/product/create', 'GET', '127.0.0.1', '{\"_pjax\":\"#pjax-container\"}', '2025-05-28 09:19:05', '2025-05-28 09:19:05'),
(658, 1, 'admin/product', 'POST', '127.0.0.1', '{\"title\":\"Easy Polo Black Edition 28\",\"slug\":null,\"category_id\":\"33\",\"unit\":\"1\",\"stock\":\"10\",\"price\":\"56\",\"discount\":\"0\",\"description\":null,\"more_details\":{\"keys\":[\"product-recommend\"],\"values\":[\"1\"]},\"publish\":\"on\",\"_token\":\"L15qvrVB0pda8ebcPI5n78SwI2SF3P77TjK4ZXgo\",\"_previous_\":\"http:\\/\\/127.0.0.1:8000\\/admin\\/product\"}', '2025-05-28 09:19:26', '2025-05-28 09:19:26'),
(659, 1, 'admin/product', 'GET', '127.0.0.1', '[]', '2025-05-28 09:19:26', '2025-05-28 09:19:26'),
(660, 1, 'admin/product/create', 'GET', '127.0.0.1', '{\"_pjax\":\"#pjax-container\"}', '2025-05-28 09:19:28', '2025-05-28 09:19:28'),
(661, 1, 'admin/product', 'POST', '127.0.0.1', '{\"title\":\"Easy Polo Black Edition 29\",\"slug\":null,\"category_id\":\"33\",\"unit\":\"1\",\"stock\":\"10\",\"price\":\"56\",\"discount\":\"0\",\"description\":null,\"more_details\":{\"keys\":[\"product-recommend\"],\"values\":[\"1\"]},\"publish\":\"on\",\"_token\":\"L15qvrVB0pda8ebcPI5n78SwI2SF3P77TjK4ZXgo\",\"_previous_\":\"http:\\/\\/127.0.0.1:8000\\/admin\\/product\"}', '2025-05-28 09:19:45', '2025-05-28 09:19:45'),
(662, 1, 'admin/product', 'GET', '127.0.0.1', '[]', '2025-05-28 09:19:45', '2025-05-28 09:19:45'),
(663, 1, 'admin/product/create', 'GET', '127.0.0.1', '{\"_pjax\":\"#pjax-container\"}', '2025-05-28 09:19:51', '2025-05-28 09:19:51'),
(664, 1, 'admin/product', 'GET', '127.0.0.1', '{\"_pjax\":\"#pjax-container\"}', '2025-05-28 09:19:53', '2025-05-28 09:19:53'),
(665, 1, 'admin/product/create', 'GET', '127.0.0.1', '{\"_pjax\":\"#pjax-container\"}', '2025-05-28 09:19:56', '2025-05-28 09:19:56'),
(666, 1, 'admin/product', 'POST', '127.0.0.1', '{\"title\":\"Easy Polo Black Edition 30\",\"slug\":null,\"category_id\":\"33\",\"unit\":\"1\",\"stock\":\"10\",\"price\":\"56\",\"discount\":\"0\",\"description\":null,\"more_details\":{\"keys\":[\"product-recommend\"],\"values\":[\"2\"]},\"publish\":\"on\",\"_token\":\"L15qvrVB0pda8ebcPI5n78SwI2SF3P77TjK4ZXgo\",\"_previous_\":\"http:\\/\\/127.0.0.1:8000\\/admin\\/product\"}', '2025-05-28 09:20:13', '2025-05-28 09:20:13'),
(667, 1, 'admin/product', 'GET', '127.0.0.1', '[]', '2025-05-28 09:20:14', '2025-05-28 09:20:14'),
(668, 1, 'admin/product/create', 'GET', '127.0.0.1', '{\"_pjax\":\"#pjax-container\"}', '2025-05-28 09:20:19', '2025-05-28 09:20:19'),
(669, 1, 'admin/product', 'POST', '127.0.0.1', '{\"title\":\"Easy Polo Black Edition 31\",\"slug\":null,\"category_id\":\"33\",\"unit\":\"1\",\"stock\":\"10\",\"price\":\"56\",\"discount\":\"0\",\"description\":null,\"more_details\":{\"keys\":[\"product-recommend\"],\"values\":[\"2\"]},\"publish\":\"on\",\"_token\":\"L15qvrVB0pda8ebcPI5n78SwI2SF3P77TjK4ZXgo\",\"_previous_\":\"http:\\/\\/127.0.0.1:8000\\/admin\\/product\"}', '2025-05-28 09:20:37', '2025-05-28 09:20:37'),
(670, 1, 'admin/product', 'GET', '127.0.0.1', '[]', '2025-05-28 09:20:37', '2025-05-28 09:20:37'),
(671, 1, 'admin/product/create', 'GET', '127.0.0.1', '{\"_pjax\":\"#pjax-container\"}', '2025-05-28 09:20:41', '2025-05-28 09:20:41'),
(672, 1, 'admin/product', 'POST', '127.0.0.1', '{\"title\":\"Easy Polo Black Edition 32\",\"slug\":null,\"category_id\":\"33\",\"unit\":\"1\",\"stock\":\"10\",\"price\":\"56\",\"discount\":\"0\",\"description\":null,\"more_details\":{\"keys\":[\"product-recommend\"],\"values\":[\"2\"]},\"publish\":\"on\",\"_token\":\"L15qvrVB0pda8ebcPI5n78SwI2SF3P77TjK4ZXgo\",\"_previous_\":\"http:\\/\\/127.0.0.1:8000\\/admin\\/product\"}', '2025-05-28 09:20:55', '2025-05-28 09:20:55'),
(673, 1, 'admin/product', 'GET', '127.0.0.1', '[]', '2025-05-28 09:20:55', '2025-05-28 09:20:55'),
(674, 1, 'admin/product/34', 'GET', '127.0.0.1', '{\"_pjax\":\"#pjax-container\"}', '2025-05-28 09:22:21', '2025-05-28 09:22:21'),
(675, 1, 'admin/product', 'GET', '127.0.0.1', '{\"_pjax\":\"#pjax-container\"}', '2025-05-28 09:35:00', '2025-05-28 09:35:00');

-- --------------------------------------------------------

--
-- Table structure for table `admin_permissions`
--

DROP TABLE IF EXISTS `admin_permissions`;
CREATE TABLE IF NOT EXISTS `admin_permissions` (
  `id` int UNSIGNED NOT NULL AUTO_INCREMENT,
  `name` varchar(50) COLLATE utf8mb4_unicode_ci NOT NULL,
  `slug` varchar(50) COLLATE utf8mb4_unicode_ci NOT NULL,
  `http_method` varchar(191) COLLATE utf8mb4_unicode_ci DEFAULT NULL,
  `http_path` text COLLATE utf8mb4_unicode_ci,
  `created_at` timestamp NULL DEFAULT NULL,
  `updated_at` timestamp NULL DEFAULT NULL,
  PRIMARY KEY (`id`),
  UNIQUE KEY `admin_permissions_name_unique` (`name`),
  UNIQUE KEY `admin_permissions_slug_unique` (`slug`)
) ENGINE=MyISAM AUTO_INCREMENT=6 DEFAULT CHARSET=utf8mb4 COLLATE=utf8mb4_unicode_ci;

--
-- Dumping data for table `admin_permissions`
--

INSERT INTO `admin_permissions` (`id`, `name`, `slug`, `http_method`, `http_path`, `created_at`, `updated_at`) VALUES
(1, 'All permission', '*', '', '*', NULL, NULL),
(2, 'Dashboard', 'dashboard', 'GET', '/', NULL, NULL),
(3, 'Login', 'auth.login', '', '/auth/login\r\n/auth/logout', NULL, NULL),
(4, 'User setting', 'auth.setting', 'GET,PUT', '/auth/setting', NULL, NULL),
(5, 'Auth management', 'auth.management', '', '/auth/roles\r\n/auth/permissions\r\n/auth/menu\r\n/auth/logs', NULL, NULL);

-- --------------------------------------------------------

--
-- Table structure for table `admin_roles`
--

DROP TABLE IF EXISTS `admin_roles`;
CREATE TABLE IF NOT EXISTS `admin_roles` (
  `id` int UNSIGNED NOT NULL AUTO_INCREMENT,
  `name` varchar(50) COLLATE utf8mb4_unicode_ci NOT NULL,
  `slug` varchar(50) COLLATE utf8mb4_unicode_ci NOT NULL,
  `created_at` timestamp NULL DEFAULT NULL,
  `updated_at` timestamp NULL DEFAULT NULL,
  PRIMARY KEY (`id`),
  UNIQUE KEY `admin_roles_name_unique` (`name`),
  UNIQUE KEY `admin_roles_slug_unique` (`slug`)
) ENGINE=MyISAM AUTO_INCREMENT=2 DEFAULT CHARSET=utf8mb4 COLLATE=utf8mb4_unicode_ci;

--
-- Dumping data for table `admin_roles`
--

INSERT INTO `admin_roles` (`id`, `name`, `slug`, `created_at`, `updated_at`) VALUES
(1, 'Administrator', 'administrator', '2025-05-17 10:56:42', '2025-05-17 10:56:42');

-- --------------------------------------------------------

--
-- Table structure for table `admin_role_menu`
--

DROP TABLE IF EXISTS `admin_role_menu`;
CREATE TABLE IF NOT EXISTS `admin_role_menu` (
  `role_id` int NOT NULL,
  `menu_id` int NOT NULL,
  `created_at` timestamp NULL DEFAULT NULL,
  `updated_at` timestamp NULL DEFAULT NULL,
  KEY `admin_role_menu_role_id_menu_id_index` (`role_id`,`menu_id`)
) ENGINE=MyISAM DEFAULT CHARSET=utf8mb4 COLLATE=utf8mb4_unicode_ci;

--
-- Dumping data for table `admin_role_menu`
--

INSERT INTO `admin_role_menu` (`role_id`, `menu_id`, `created_at`, `updated_at`) VALUES
(1, 2, NULL, NULL),
(1, 8, NULL, NULL),
(1, 9, NULL, NULL),
(1, 10, NULL, NULL),
(1, 11, NULL, NULL);

-- --------------------------------------------------------

--
-- Table structure for table `admin_role_permissions`
--

DROP TABLE IF EXISTS `admin_role_permissions`;
CREATE TABLE IF NOT EXISTS `admin_role_permissions` (
  `role_id` int NOT NULL,
  `permission_id` int NOT NULL,
  `created_at` timestamp NULL DEFAULT NULL,
  `updated_at` timestamp NULL DEFAULT NULL,
  KEY `admin_role_permissions_role_id_permission_id_index` (`role_id`,`permission_id`)
) ENGINE=MyISAM DEFAULT CHARSET=utf8mb4 COLLATE=utf8mb4_unicode_ci;

--
-- Dumping data for table `admin_role_permissions`
--

INSERT INTO `admin_role_permissions` (`role_id`, `permission_id`, `created_at`, `updated_at`) VALUES
(1, 1, NULL, NULL);

-- --------------------------------------------------------

--
-- Table structure for table `admin_role_users`
--

DROP TABLE IF EXISTS `admin_role_users`;
CREATE TABLE IF NOT EXISTS `admin_role_users` (
  `role_id` int NOT NULL,
  `user_id` int NOT NULL,
  `created_at` timestamp NULL DEFAULT NULL,
  `updated_at` timestamp NULL DEFAULT NULL,
  KEY `admin_role_users_role_id_user_id_index` (`role_id`,`user_id`)
) ENGINE=MyISAM DEFAULT CHARSET=utf8mb4 COLLATE=utf8mb4_unicode_ci;

--
-- Dumping data for table `admin_role_users`
--

INSERT INTO `admin_role_users` (`role_id`, `user_id`, `created_at`, `updated_at`) VALUES
(1, 1, NULL, NULL);

-- --------------------------------------------------------

--
-- Table structure for table `admin_users`
--

DROP TABLE IF EXISTS `admin_users`;
CREATE TABLE IF NOT EXISTS `admin_users` (
  `id` int UNSIGNED NOT NULL AUTO_INCREMENT,
  `username` varchar(190) COLLATE utf8mb4_unicode_ci NOT NULL,
  `password` varchar(60) COLLATE utf8mb4_unicode_ci NOT NULL,
  `name` varchar(191) COLLATE utf8mb4_unicode_ci NOT NULL,
  `avatar` varchar(191) COLLATE utf8mb4_unicode_ci DEFAULT NULL,
  `remember_token` varchar(100) COLLATE utf8mb4_unicode_ci DEFAULT NULL,
  `created_at` timestamp NULL DEFAULT NULL,
  `updated_at` timestamp NULL DEFAULT NULL,
  PRIMARY KEY (`id`),
  UNIQUE KEY `admin_users_username_unique` (`username`)
) ENGINE=MyISAM AUTO_INCREMENT=2 DEFAULT CHARSET=utf8mb4 COLLATE=utf8mb4_unicode_ci;

--
-- Dumping data for table `admin_users`
--

INSERT INTO `admin_users` (`id`, `username`, `password`, `name`, `avatar`, `remember_token`, `created_at`, `updated_at`) VALUES
(1, 'admin', '$2y$12$iJP.vmH2Ulczi3zc4ZSdG.okEqgsm/RS0o78wJ34XnJLSMnAQ.MbO', 'Administrator', NULL, 'Q9JNojea6eilfgdXkaBvpH4lGB7omI1CIQJqlGeOzMRRGLxACJy8GBvanCIP', '2025-05-17 10:56:42', '2025-05-17 10:56:42');

-- --------------------------------------------------------

--
-- Table structure for table `admin_user_permissions`
--

DROP TABLE IF EXISTS `admin_user_permissions`;
CREATE TABLE IF NOT EXISTS `admin_user_permissions` (
  `user_id` int NOT NULL,
  `permission_id` int NOT NULL,
  `created_at` timestamp NULL DEFAULT NULL,
  `updated_at` timestamp NULL DEFAULT NULL,
  KEY `admin_user_permissions_user_id_permission_id_index` (`user_id`,`permission_id`)
) ENGINE=MyISAM DEFAULT CHARSET=utf8mb4 COLLATE=utf8mb4_unicode_ci;

-- --------------------------------------------------------

--
-- Table structure for table `cache`
--

DROP TABLE IF EXISTS `cache`;
CREATE TABLE IF NOT EXISTS `cache` (
  `key` varchar(191) COLLATE utf8mb4_unicode_ci NOT NULL,
  `value` mediumtext COLLATE utf8mb4_unicode_ci NOT NULL,
  `expiration` int NOT NULL,
  PRIMARY KEY (`key`)
) ENGINE=MyISAM DEFAULT CHARSET=utf8mb4 COLLATE=utf8mb4_unicode_ci;

-- --------------------------------------------------------

--
-- Table structure for table `cache_locks`
--

DROP TABLE IF EXISTS `cache_locks`;
CREATE TABLE IF NOT EXISTS `cache_locks` (
  `key` varchar(191) COLLATE utf8mb4_unicode_ci NOT NULL,
  `owner` varchar(191) COLLATE utf8mb4_unicode_ci NOT NULL,
  `expiration` int NOT NULL,
  PRIMARY KEY (`key`)
) ENGINE=MyISAM DEFAULT CHARSET=utf8mb4 COLLATE=utf8mb4_unicode_ci;

-- --------------------------------------------------------

--
-- Table structure for table `carts`
--

DROP TABLE IF EXISTS `carts`;
CREATE TABLE IF NOT EXISTS `carts` (
  `id` int UNSIGNED NOT NULL AUTO_INCREMENT,
  `user_id` bigint UNSIGNED NOT NULL,
  `product_id` int UNSIGNED NOT NULL,
  `quantity` int UNSIGNED NOT NULL DEFAULT '1',
  `created_at` timestamp NOT NULL DEFAULT CURRENT_TIMESTAMP,
  `updated_at` timestamp NOT NULL DEFAULT CURRENT_TIMESTAMP ON UPDATE CURRENT_TIMESTAMP,
  PRIMARY KEY (`id`),
  KEY `user_id` (`user_id`),
  KEY `product_id` (`product_id`)
) ENGINE=InnoDB AUTO_INCREMENT=5 DEFAULT CHARSET=utf8mb4 COLLATE=utf8mb4_unicode_ci;

-- --------------------------------------------------------

--
-- Table structure for table `categories`
--

DROP TABLE IF EXISTS `categories`;
CREATE TABLE IF NOT EXISTS `categories` (
  `id` int UNSIGNED NOT NULL AUTO_INCREMENT,
  `title` varchar(100) COLLATE utf8mb4_unicode_ci NOT NULL,
  `slug` varchar(100) COLLATE utf8mb4_unicode_ci NOT NULL,
  `icon` varchar(50) COLLATE utf8mb4_unicode_ci DEFAULT NULL,
  `color` varchar(50) COLLATE utf8mb4_unicode_ci DEFAULT NULL,
  `description` text COLLATE utf8mb4_unicode_ci,
  `image` text COLLATE utf8mb4_unicode_ci,
  `parent_id` int UNSIGNED DEFAULT NULL,
  `created_at` timestamp NOT NULL DEFAULT CURRENT_TIMESTAMP,
  `updated_at` timestamp NOT NULL DEFAULT CURRENT_TIMESTAMP ON UPDATE CURRENT_TIMESTAMP,
  PRIMARY KEY (`id`),
  KEY `parent_id` (`parent_id`)
) ENGINE=InnoDB AUTO_INCREMENT=58 DEFAULT CHARSET=utf8mb4 COLLATE=utf8mb4_unicode_ci;

--
-- Dumping data for table `categories`
--

INSERT INTO `categories` (`id`, `title`, `slug`, `icon`, `color`, `description`, `image`, `parent_id`, `created_at`, `updated_at`) VALUES
(28, 'Sportswear', 'sportswear', NULL, NULL, NULL, NULL, NULL, '2025-05-24 11:07:57', '2025-05-24 11:08:31'),
(29, 'Mens', 'mens', NULL, NULL, NULL, NULL, NULL, '2025-05-24 11:08:53', '2025-05-24 11:08:53'),
(30, 'Womens', 'womens', NULL, NULL, NULL, NULL, NULL, '2025-05-24 11:09:49', '2025-05-24 11:09:49'),
(31, 'Kids', 'kids', NULL, NULL, NULL, NULL, NULL, '2025-05-24 11:09:58', '2025-05-24 11:09:58'),
(32, 'Fashion', 'fashion', NULL, NULL, NULL, NULL, NULL, '2025-05-24 11:10:07', '2025-05-24 11:10:07'),
(33, 'Households', 'households', NULL, NULL, NULL, NULL, NULL, '2025-05-24 11:10:15', '2025-05-24 11:10:15'),
(34, 'Interiors', 'interiors', NULL, NULL, NULL, NULL, NULL, '2025-05-24 11:10:20', '2025-05-24 11:10:20'),
(35, 'Clothing', 'clothing', NULL, NULL, NULL, NULL, NULL, '2025-05-24 11:10:26', '2025-05-24 11:10:26'),
(36, 'Bags', 'bags', NULL, NULL, NULL, NULL, NULL, '2025-05-24 11:10:32', '2025-05-24 11:10:32'),
(37, 'Shoes', 'shoes', NULL, NULL, NULL, NULL, NULL, '2025-05-24 11:10:38', '2025-05-24 11:10:38'),
(38, 'Nike', 'nike', NULL, NULL, NULL, NULL, 28, '2025-05-24 11:10:59', '2025-05-24 11:10:59'),
(39, 'Under Armour', 'under-armour', NULL, NULL, NULL, NULL, 28, '2025-05-24 11:11:13', '2025-05-24 11:11:13'),
(40, 'Adidas', 'adidas', NULL, NULL, NULL, NULL, 28, '2025-05-24 11:11:25', '2025-05-24 11:11:25'),
(41, 'Puma', 'puma', NULL, NULL, NULL, NULL, 28, '2025-05-24 11:11:32', '2025-05-24 11:11:32'),
(42, 'ASICS', 'asics', NULL, NULL, NULL, NULL, 28, '2025-05-24 11:11:40', '2025-05-24 11:11:40'),
(43, 'Fendi', 'fendi', NULL, NULL, NULL, NULL, 29, '2025-05-24 11:13:48', '2025-05-24 11:13:48'),
(44, 'Guess', 'guess', NULL, NULL, NULL, NULL, 29, '2025-05-24 11:13:56', '2025-05-24 11:13:56'),
(45, 'Valentino', 'valentino', NULL, NULL, NULL, NULL, 29, '2025-05-24 11:15:37', '2025-05-24 11:15:37'),
(46, 'Dior', 'dior', NULL, NULL, NULL, NULL, 29, '2025-05-24 11:15:44', '2025-05-24 11:15:44'),
(47, 'Versace', 'versace', NULL, NULL, NULL, NULL, 29, '2025-05-24 11:15:53', '2025-05-24 11:15:53'),
(48, 'Armani', 'armani', NULL, NULL, NULL, NULL, 29, '2025-05-24 11:16:00', '2025-05-24 11:16:00'),
(49, 'Prada', 'prada', NULL, NULL, NULL, NULL, 29, '2025-05-24 11:16:10', '2025-05-24 11:16:10'),
(50, 'Dolce and Gabbana', 'dolce-and-gabbana', NULL, NULL, NULL, NULL, 29, '2025-05-24 11:16:19', '2025-05-24 11:16:19'),
(51, 'Chanel', 'chanel', NULL, NULL, NULL, NULL, 29, '2025-05-24 11:16:28', '2025-05-24 11:16:28'),
(52, 'Gucci', 'gucci', NULL, NULL, NULL, NULL, 29, '2025-05-24 11:16:35', '2025-05-24 11:16:35'),
(53, 'Fendi', 'fendi', NULL, NULL, NULL, NULL, 30, '2025-05-24 11:16:49', '2025-05-24 11:16:49'),
(54, 'Guess', 'guess', NULL, NULL, NULL, NULL, 30, '2025-05-24 11:16:57', '2025-05-24 11:16:57'),
(55, 'Valentino', 'valentino', NULL, NULL, NULL, NULL, 30, '2025-05-24 11:17:05', '2025-05-24 11:17:05'),
(56, 'Dior', 'dior', NULL, NULL, NULL, NULL, 30, '2025-05-24 11:17:19', '2025-05-24 11:17:19'),
(57, 'Versace', 'versace', NULL, NULL, NULL, NULL, 30, '2025-05-24 11:17:26', '2025-05-24 11:17:26');

-- --------------------------------------------------------

--
-- Table structure for table `failed_jobs`
--

DROP TABLE IF EXISTS `failed_jobs`;
CREATE TABLE IF NOT EXISTS `failed_jobs` (
  `id` bigint UNSIGNED NOT NULL AUTO_INCREMENT,
  `uuid` varchar(191) COLLATE utf8mb4_unicode_ci NOT NULL,
  `connection` text COLLATE utf8mb4_unicode_ci NOT NULL,
  `queue` text COLLATE utf8mb4_unicode_ci NOT NULL,
  `payload` longtext COLLATE utf8mb4_unicode_ci NOT NULL,
  `exception` longtext COLLATE utf8mb4_unicode_ci NOT NULL,
  `failed_at` timestamp NOT NULL DEFAULT CURRENT_TIMESTAMP,
  PRIMARY KEY (`id`),
  UNIQUE KEY `failed_jobs_uuid_unique` (`uuid`)
) ENGINE=MyISAM DEFAULT CHARSET=utf8mb4 COLLATE=utf8mb4_unicode_ci;

-- --------------------------------------------------------

--
-- Table structure for table `jobs`
--

DROP TABLE IF EXISTS `jobs`;
CREATE TABLE IF NOT EXISTS `jobs` (
  `id` bigint UNSIGNED NOT NULL AUTO_INCREMENT,
  `queue` varchar(191) COLLATE utf8mb4_unicode_ci NOT NULL,
  `payload` longtext COLLATE utf8mb4_unicode_ci NOT NULL,
  `attempts` tinyint UNSIGNED NOT NULL,
  `reserved_at` int UNSIGNED DEFAULT NULL,
  `available_at` int UNSIGNED NOT NULL,
  `created_at` int UNSIGNED NOT NULL,
  PRIMARY KEY (`id`),
  KEY `jobs_queue_index` (`queue`)
) ENGINE=MyISAM DEFAULT CHARSET=utf8mb4 COLLATE=utf8mb4_unicode_ci;

-- --------------------------------------------------------

--
-- Table structure for table `job_batches`
--

DROP TABLE IF EXISTS `job_batches`;
CREATE TABLE IF NOT EXISTS `job_batches` (
  `id` varchar(191) COLLATE utf8mb4_unicode_ci NOT NULL,
  `name` varchar(191) COLLATE utf8mb4_unicode_ci NOT NULL,
  `total_jobs` int NOT NULL,
  `pending_jobs` int NOT NULL,
  `failed_jobs` int NOT NULL,
  `failed_job_ids` longtext COLLATE utf8mb4_unicode_ci NOT NULL,
  `options` mediumtext COLLATE utf8mb4_unicode_ci,
  `cancelled_at` int DEFAULT NULL,
  `created_at` int NOT NULL,
  `finished_at` int DEFAULT NULL,
  PRIMARY KEY (`id`)
) ENGINE=MyISAM DEFAULT CHARSET=utf8mb4 COLLATE=utf8mb4_unicode_ci;

-- --------------------------------------------------------

--
-- Table structure for table `migrations`
--

DROP TABLE IF EXISTS `migrations`;
CREATE TABLE IF NOT EXISTS `migrations` (
  `id` int UNSIGNED NOT NULL AUTO_INCREMENT,
  `migration` varchar(191) COLLATE utf8mb4_unicode_ci NOT NULL,
  `batch` int NOT NULL,
  PRIMARY KEY (`id`)
) ENGINE=MyISAM AUTO_INCREMENT=6 DEFAULT CHARSET=utf8mb4 COLLATE=utf8mb4_unicode_ci;

--
-- Dumping data for table `migrations`
--

INSERT INTO `migrations` (`id`, `migration`, `batch`) VALUES
(1, '0001_01_01_000000_create_users_table', 1),
(2, '0001_01_01_000001_create_cache_table', 1),
(3, '0001_01_01_000002_create_jobs_table', 1),
(4, '2025_05_06_160639_create_personal_access_tokens_table', 2),
(5, '2016_01_04_173148_create_admin_tables', 3);

-- --------------------------------------------------------

--
-- Table structure for table `orders`
--

DROP TABLE IF EXISTS `orders`;
CREATE TABLE IF NOT EXISTS `orders` (
  `id` int UNSIGNED NOT NULL AUTO_INCREMENT,
  `user_id` bigint UNSIGNED NOT NULL,
  `address_id` int UNSIGNED NOT NULL,
  `paymentMethod` text CHARACTER SET utf8mb4 COLLATE utf8mb4_unicode_ci NOT NULL,
  `subTotalAmt` int NOT NULL DEFAULT '0',
  `totalAmt` int NOT NULL DEFAULT '0',
  `invoiceReceipt` text COLLATE utf8mb4_unicode_ci NOT NULL,
  `created_at` timestamp NOT NULL DEFAULT CURRENT_TIMESTAMP,
  `updated_at` timestamp NOT NULL DEFAULT CURRENT_TIMESTAMP ON UPDATE CURRENT_TIMESTAMP,
  PRIMARY KEY (`id`),
  KEY `user_id` (`user_id`),
  KEY `address_id` (`address_id`)
) ENGINE=InnoDB AUTO_INCREMENT=2 DEFAULT CHARSET=utf8mb4 COLLATE=utf8mb4_unicode_ci;

-- --------------------------------------------------------

--
-- Table structure for table `order_products`
--

DROP TABLE IF EXISTS `order_products`;
CREATE TABLE IF NOT EXISTS `order_products` (
  `id` int UNSIGNED NOT NULL AUTO_INCREMENT,
  `order_id` int UNSIGNED NOT NULL,
  `product_id` int UNSIGNED NOT NULL,
  `quantity` int UNSIGNED NOT NULL DEFAULT '1',
  PRIMARY KEY (`id`),
  KEY `order_id` (`order_id`),
  KEY `product_id` (`product_id`)
) ENGINE=InnoDB DEFAULT CHARSET=utf8mb4 COLLATE=utf8mb4_unicode_ci;

-- --------------------------------------------------------

--
-- Table structure for table `password_reset_tokens`
--

DROP TABLE IF EXISTS `password_reset_tokens`;
CREATE TABLE IF NOT EXISTS `password_reset_tokens` (
  `email` varchar(191) COLLATE utf8mb4_unicode_ci NOT NULL,
  `token` varchar(191) COLLATE utf8mb4_unicode_ci NOT NULL,
  `created_at` timestamp NULL DEFAULT NULL,
  PRIMARY KEY (`email`)
) ENGINE=MyISAM DEFAULT CHARSET=utf8mb4 COLLATE=utf8mb4_unicode_ci;

-- --------------------------------------------------------

--
-- Table structure for table `payments`
--

DROP TABLE IF EXISTS `payments`;
CREATE TABLE IF NOT EXISTS `payments` (
  `id` int UNSIGNED NOT NULL AUTO_INCREMENT,
  `user_id` bigint UNSIGNED NOT NULL,
  `stripe_id` text COLLATE utf8mb4_unicode_ci NOT NULL,
  `amount` text COLLATE utf8mb4_unicode_ci NOT NULL,
  `currency` text COLLATE utf8mb4_unicode_ci NOT NULL,
  `status` text COLLATE utf8mb4_unicode_ci NOT NULL,
  `description` text COLLATE utf8mb4_unicode_ci,
  `checkout_url` text COLLATE utf8mb4_unicode_ci NOT NULL,
  `created_at` timestamp NOT NULL DEFAULT CURRENT_TIMESTAMP,
  `updated_at` timestamp NOT NULL DEFAULT CURRENT_TIMESTAMP ON UPDATE CURRENT_TIMESTAMP,
  PRIMARY KEY (`id`),
  KEY `user_id` (`user_id`)
) ENGINE=InnoDB AUTO_INCREMENT=16 DEFAULT CHARSET=utf8mb4 COLLATE=utf8mb4_unicode_ci;

--
-- Dumping data for table `payments`
--

INSERT INTO `payments` (`id`, `user_id`, `stripe_id`, `amount`, `currency`, `status`, `description`, `checkout_url`, `created_at`, `updated_at`) VALUES
(6, 2, 'cs_test_b1yQQyhcbC7Q4njBQRKu7B7yuSDM6BKzeq1miQPUz5jwfG02F9uJSBNjjT', '33', 'usd', 'open', 'INV-1746953279', 'https://checkout.stripe.com/c/pay/cs_test_b1yQQyhcbC7Q4njBQRKu7B7yuSDM6BKzeq1miQPUz5jwfG02F9uJSBNjjT#fidkdWxOYHwnPyd1blpxYHZxWjA0S2lGU3xAVUEwcWFibXBofHNGUDxnb3ZzXVxwc3ZcSGZxXDxnSEttcTZJU1Mzb1JiSERgVj1oRmZRNlx3REl0cjxVMlQyPHBJVnR3TkFKRDJDaXQwNl1INTVBaUQ2anJrTycpJ2N3amhWYHdzYHcnP3F3cGApJ2lkfGpwcVF8dWAnPydocGlxbFpscWBoJyknYGtkZ2lgVWlkZmBtamlhYHd2Jz9xd3BgeCUl', '2025-05-11 06:19:15', '2025-05-11 06:19:15'),
(7, 2, 'cs_test_b1AE6cN0WxhWJx4eYad8Hz0N4CVuN08l00Qkl4ytsmdbQXR6ERLC3cWI4W', '33', 'usd', 'open', 'INV-1746953279', 'https://checkout.stripe.com/c/pay/cs_test_b1AE6cN0WxhWJx4eYad8Hz0N4CVuN08l00Qkl4ytsmdbQXR6ERLC3cWI4W#fidkdWxOYHwnPyd1blpxYHZxWjA0S2lGU3xAVUEwcWFibXBofHNGUDxnb3ZzXVxwc3ZcSGZxXDxnSEttcTZJU1Mzb1JiSERgVj1oRmZRNlx3REl0cjxVMlQyPHBJVnR3TkFKRDJDaXQwNl1INTVBaUQ2anJrTycpJ2N3amhWYHdzYHcnP3F3cGApJ2lkfGpwcVF8dWAnPydocGlxbFpscWBoJyknYGtkZ2lgVWlkZmBtamlhYHd2Jz9xd3BgeCUl', '2025-05-11 06:22:57', '2025-05-11 06:22:57'),
(8, 2, 'cs_test_b1ZkebZDInFZDmb8QMLkiNVNQHuyL4LTrQTbSNqcWcBRMbhUSUuneHpU1l', '33', 'usd', 'paid', 'INV-1746953279', 'https://checkout.stripe.com/c/pay/cs_test_b1ZkebZDInFZDmb8QMLkiNVNQHuyL4LTrQTbSNqcWcBRMbhUSUuneHpU1l#fidkdWxOYHwnPyd1blpxYHZxWjA0S2lGU3xAVUEwcWFibXBofHNGUDxnb3ZzXVxwc3ZcSGZxXDxnSEttcTZJU1Mzb1JiSERgVj1oRmZRNlx3REl0cjxVMlQyPHBJVnR3TkFKRDJDaXQwNl1INTVBaUQ2anJrTycpJ2N3amhWYHdzYHcnP3F3cGApJ2lkfGpwcVF8dWAnPydocGlxbFpscWBoJyknYGtkZ2lgVWlkZmBtamlhYHd2Jz9xd3BgeCUl', '2025-05-11 06:34:05', '2025-05-11 06:34:21'),
(9, 2, 'cs_test_b1uvqit415Pymf5KceGLE8EESMF7LUMtJ8lVfUmPxKMjQIDO3h2uQtfYfo', '33', 'usd', 'paid', 'INV-1746953279', 'https://checkout.stripe.com/c/pay/cs_test_b1uvqit415Pymf5KceGLE8EESMF7LUMtJ8lVfUmPxKMjQIDO3h2uQtfYfo#fidkdWxOYHwnPyd1blpxYHZxWjA0S2lGU3xAVUEwcWFibXBofHNGUDxnb3ZzXVxwc3ZcSGZxXDxnSEttcTZJU1Mzb1JiSERgVj1oRmZRNlx3REl0cjxVMlQyPHBJVnR3TkFKRDJDaXQwNl1INTVBaUQ2anJrTycpJ2N3amhWYHdzYHcnP3F3cGApJ2lkfGpwcVF8dWAnPydocGlxbFpscWBoJyknYGtkZ2lgVWlkZmBtamlhYHd2Jz9xd3BgeCUl', '2025-05-11 06:39:02', '2025-05-11 06:39:34'),
(10, 2, 'cs_test_b1mI5vLNws6XUX5OTJ7EqmaZ6WvVWcyQIlPEnMBdKXfprBRDwLbPWxczvp', '33', 'usd', 'paid', 'INV-1746953279', 'https://checkout.stripe.com/c/pay/cs_test_b1mI5vLNws6XUX5OTJ7EqmaZ6WvVWcyQIlPEnMBdKXfprBRDwLbPWxczvp#fidkdWxOYHwnPyd1blpxYHZxWjA0S2lGU3xAVUEwcWFibXBofHNGUDxnb3ZzXVxwc3ZcSGZxXDxnSEttcTZJU1Mzb1JiSERgVj1oRmZRNlx3REl0cjxVMlQyPHBJVnR3TkFKRDJDaXQwNl1INTVBaUQ2anJrTycpJ2N3amhWYHdzYHcnP3F3cGApJ2lkfGpwcVF8dWAnPydocGlxbFpscWBoJyknYGtkZ2lgVWlkZmBtamlhYHd2Jz9xd3BgeCUl', '2025-05-11 06:39:46', '2025-05-11 06:40:02'),
(11, 2, 'cs_test_b1ry18KO4Gh1Bf8Jg7o4dOI7Rky75UWVauPMtGZnWlcY4OC12h3qJjeNOu', '33', 'usd', 'paid', 'INV-1746953279', 'https://checkout.stripe.com/c/pay/cs_test_b1ry18KO4Gh1Bf8Jg7o4dOI7Rky75UWVauPMtGZnWlcY4OC12h3qJjeNOu#fidkdWxOYHwnPyd1blpxYHZxWjA0S2lGU3xAVUEwcWFibXBofHNGUDxnb3ZzXVxwc3ZcSGZxXDxnSEttcTZJU1Mzb1JiSERgVj1oRmZRNlx3REl0cjxVMlQyPHBJVnR3TkFKRDJDaXQwNl1INTVBaUQ2anJrTycpJ2N3amhWYHdzYHcnP3F3cGApJ2lkfGpwcVF8dWAnPydocGlxbFpscWBoJyknYGtkZ2lgVWlkZmBtamlhYHd2Jz9xd3BgeCUl', '2025-05-11 06:40:52', '2025-05-11 06:41:06'),
(12, 2, 'cs_test_b1KYCod4QWjCxEQeO9xpbmRpuryCuqtz9xJRRVpc7io4GQhBggdbkSOz17', '33', 'usd', 'paid', 'INV-1746953279', 'https://checkout.stripe.com/c/pay/cs_test_b1KYCod4QWjCxEQeO9xpbmRpuryCuqtz9xJRRVpc7io4GQhBggdbkSOz17#fidkdWxOYHwnPyd1blpxYHZxWjA0S2lGU3xAVUEwcWFibXBofHNGUDxnb3ZzXVxwc3ZcSGZxXDxnSEttcTZJU1Mzb1JiSERgVj1oRmZRNlx3REl0cjxVMlQyPHBJVnR3TkFKRDJDaXQwNl1INTVBaUQ2anJrTycpJ2N3amhWYHdzYHcnP3F3cGApJ2lkfGpwcVF8dWAnPydocGlxbFpscWBoJyknYGtkZ2lgVWlkZmBtamlhYHd2Jz9xd3BgeCUl', '2025-05-11 06:41:56', '2025-05-11 06:42:33'),
(13, 2, 'cs_test_b1oLNn06Md0ugPd6BjeGpOfOy9Y5tFn8nw3mvgo3KjCIwqAyn4oz8ANIRf', '66', 'usd', 'paid', 'INV-1746953279', 'https://checkout.stripe.com/c/pay/cs_test_b1oLNn06Md0ugPd6BjeGpOfOy9Y5tFn8nw3mvgo3KjCIwqAyn4oz8ANIRf#fidkdWxOYHwnPyd1blpxYHZxWjA0S2lGU3xAVUEwcWFibXBofHNGUDxnb3ZzXVxwc3ZcSGZxXDxnSEttcTZJU1Mzb1JiSERgVj1oRmZRNlx3REl0cjxVMlQyPHBJVnR3TkFKRDJDaXQwNl1INTVBaUQ2anJrTycpJ2N3amhWYHdzYHcnP3F3cGApJ2lkfGpwcVF8dWAnPydocGlxbFpscWBoJyknYGtkZ2lgVWlkZmBtamlhYHd2Jz9xd3BgeCUl', '2025-05-11 06:50:03', '2025-05-11 06:50:15'),
(14, 2, 'cs_test_b1tAJlIMe8cz20dlrhD4LGlEYxRQtEK5docE6NL1yOUC4vXvg2FEJfUK94', '66', 'usd', 'paid', 'INV-1746953279', 'https://checkout.stripe.com/c/pay/cs_test_b1tAJlIMe8cz20dlrhD4LGlEYxRQtEK5docE6NL1yOUC4vXvg2FEJfUK94#fidkdWxOYHwnPyd1blpxYHZxWjA0S2lGU3xAVUEwcWFibXBofHNGUDxnb3ZzXVxwc3ZcSGZxXDxnSEttcTZJU1Mzb1JiSERgVj1oRmZRNlx3REl0cjxVMlQyPHBJVnR3TkFKRDJDaXQwNl1INTVBaUQ2anJrTycpJ2N3amhWYHdzYHcnP3F3cGApJ2lkfGpwcVF8dWAnPydocGlxbFpscWBoJyknYGtkZ2lgVWlkZmBtamlhYHd2Jz9xd3BgeCUl', '2025-05-11 07:00:26', '2025-05-11 07:00:39'),
(15, 2, 'cs_test_b1VsxbW9f6IrXoDqfcuBpWtnjCoPWHrlpBn3hLTFw1UUCZZvLKifPqJJXf', '66', 'usd', 'cancelled', 'INV-1746953279', 'https://checkout.stripe.com/c/pay/cs_test_b1VsxbW9f6IrXoDqfcuBpWtnjCoPWHrlpBn3hLTFw1UUCZZvLKifPqJJXf#fidkdWxOYHwnPyd1blpxYHZxWjA0S2lGU3xAVUEwcWFibXBofHNGUDxnb3ZzXVxwc3ZcSGZxXDxnSEttcTZJU1Mzb1JiSERgVj1oRmZRNlx3REl0cjxVMlQyPHBJVnR3TkFKRDJDaXQwNl1INTVBaUQ2anJrTycpJ2N3amhWYHdzYHcnP3F3cGApJ2lkfGpwcVF8dWAnPydocGlxbFpscWBoJyknYGtkZ2lgVWlkZmBtamlhYHd2Jz9xd3BgeCUl', '2025-05-11 07:04:27', '2025-05-11 07:04:37');

-- --------------------------------------------------------

--
-- Table structure for table `personal_access_tokens`
--

DROP TABLE IF EXISTS `personal_access_tokens`;
CREATE TABLE IF NOT EXISTS `personal_access_tokens` (
  `id` bigint UNSIGNED NOT NULL AUTO_INCREMENT,
  `tokenable_type` varchar(191) COLLATE utf8mb4_unicode_ci NOT NULL,
  `tokenable_id` bigint UNSIGNED NOT NULL,
  `name` varchar(191) COLLATE utf8mb4_unicode_ci NOT NULL,
  `token` varchar(64) COLLATE utf8mb4_unicode_ci NOT NULL,
  `abilities` text COLLATE utf8mb4_unicode_ci,
  `last_used_at` timestamp NULL DEFAULT NULL,
  `expires_at` timestamp NULL DEFAULT NULL,
  `created_at` timestamp NULL DEFAULT NULL,
  `updated_at` timestamp NULL DEFAULT NULL,
  PRIMARY KEY (`id`),
  UNIQUE KEY `personal_access_tokens_token_unique` (`token`),
  KEY `personal_access_tokens_tokenable_type_tokenable_id_index` (`tokenable_type`,`tokenable_id`)
) ENGINE=MyISAM AUTO_INCREMENT=34 DEFAULT CHARSET=utf8mb4 COLLATE=utf8mb4_unicode_ci;

--
-- Dumping data for table `personal_access_tokens`
--

INSERT INTO `personal_access_tokens` (`id`, `tokenable_type`, `tokenable_id`, `name`, `token`, `abilities`, `last_used_at`, `expires_at`, `created_at`, `updated_at`) VALUES
(9, 'App\\Models\\User', 7, 'user-token', '54b7ab77be1654cd27c497f83459efe543a8d259912f5b374381f7d9edd6a12b', '[\"*\"]', NULL, '2025-05-20 09:12:43', '2025-05-13 09:12:43', '2025-05-13 09:12:43'),
(10, 'App\\Models\\User', 8, 'user-token', '3a6e2dd581cca16b7a8d597b41dc081edaba4f4e4cc39692025a5a3c484a291c', '[\"*\"]', NULL, '2025-05-20 09:13:33', '2025-05-13 09:13:33', '2025-05-13 09:13:33'),
(18, 'App\\Models\\User', 2, 'user-token', '91eb12d93a61294b18169171791e66a0c88c118d766598c49e2b70f4de1074d5', '[\"*\"]', '2025-05-14 11:32:55', '2025-05-21 11:15:39', '2025-05-14 11:15:39', '2025-05-14 11:32:55'),
(33, 'App\\Models\\User', 3, 'user-token', '9c8a95c8b8abc2402e9a5109b2397f0e6e2b5a7aa11b2490edff6546731a032c', '[\"*\"]', '2025-05-21 10:19:38', '2025-05-28 10:19:16', '2025-05-21 10:19:16', '2025-05-21 10:19:38'),
(19, 'App\\Models\\User', 2, 'user-token', '4cc9f277aa0179da496bade6ac419b58b42787c3dabecb4d8c9ceb00daefaa24', '[\"*\"]', NULL, '2025-05-21 11:33:04', '2025-05-14 11:33:04', '2025-05-14 11:33:04'),
(31, 'App\\Models\\User', 3, 'user-token', 'd21b98836fc1c58edd5b44845a2f02e10eea818ae04a36f7af2271f34161c6e7', '[\"*\"]', '2025-05-16 13:21:16', '2025-05-23 13:20:44', '2025-05-16 13:20:44', '2025-05-16 13:21:16');

-- --------------------------------------------------------

--
-- Table structure for table `products`
--

DROP TABLE IF EXISTS `products`;
CREATE TABLE IF NOT EXISTS `products` (
  `id` int UNSIGNED NOT NULL AUTO_INCREMENT,
  `title` text COLLATE utf8mb4_unicode_ci NOT NULL,
  `slug` text COLLATE utf8mb4_unicode_ci NOT NULL,
  `image` text COLLATE utf8mb4_unicode_ci,
  `category_id` int UNSIGNED DEFAULT NULL,
  `unit` text COLLATE utf8mb4_unicode_ci,
  `stock` int DEFAULT NULL,
  `price` int UNSIGNED DEFAULT NULL,
  `discount` int DEFAULT NULL,
  `description` text COLLATE utf8mb4_unicode_ci,
  `more_details` json DEFAULT NULL,
  `publish` tinyint(1) NOT NULL DEFAULT '1',
  `created_at` timestamp NOT NULL DEFAULT CURRENT_TIMESTAMP,
  `updated_at` timestamp NOT NULL DEFAULT CURRENT_TIMESTAMP ON UPDATE CURRENT_TIMESTAMP,
  PRIMARY KEY (`id`),
  KEY `category_id` (`category_id`)
) ENGINE=InnoDB AUTO_INCREMENT=35 DEFAULT CHARSET=utf8mb4 COLLATE=utf8mb4_unicode_ci;

--
-- Dumping data for table `products`
--

INSERT INTO `products` (`id`, `title`, `slug`, `image`, `category_id`, `unit`, `stock`, `price`, `discount`, `description`, `more_details`, `publish`, `created_at`, `updated_at`) VALUES
(3, 'Easy Polo Black Edition', 'easy-polo-black-edition', 'product/61ef979b0f27ae035a083f5d7c71648e.jpg', NULL, '1', 10, 56, 0, NULL, NULL, 1, '2025-05-28 07:20:27', '2025-05-28 07:20:27'),
(4, 'Easy Polo Black Edition 2', 'easy-polo-black-edition-2', 'product/c43582b6b34745331a87d8432eeec49b.jpg', NULL, '1', 10, 56, 0, NULL, NULL, 1, '2025-05-28 07:21:13', '2025-05-28 07:21:13'),
(5, 'Easy Polo Black Edition 3', 'easy-polo-black-edition-3', 'product/9937fd3204789be211880e7e34cde09f.jpg', NULL, '1', 10, 56, 0, NULL, NULL, 1, '2025-05-28 07:21:43', '2025-05-28 07:21:43'),
(6, 'Easy Polo Black Edition 4', 'easy-polo-black-edition-4', 'product/728a97c4431d774fd9ca1ac893878e78.jpg', NULL, '1', 10, 56, 0, NULL, '{\"product-new\": \"1\"}', 1, '2025-05-28 07:23:57', '2025-05-28 14:59:35'),
(7, 'Easy Polo Black Edition 5', 'easy-polo-black-edition-5', 'product/97692a09a5c699d1d5cc9e781d23d8e2.jpg', NULL, '1', 10, 56, 10, NULL, '{\"product-sale\": \"1\"}', 1, '2025-05-28 07:24:21', '2025-05-28 07:27:41'),
(8, 'Easy Polo Black Edition 6', 'easy-polo-black-edition-6', 'product/a3242d76f6f3089db2b8e10f65c3c5d7.jpg', NULL, '1', 10, 56, 0, NULL, NULL, 1, '2025-05-28 07:24:47', '2025-05-28 07:24:47'),
(9, 'Easy Polo Black Edition 7', 'easy-polo-black-edition-7', 'product/5f68a59e79b6a36f0567fa56a407c243.jpg', 28, '1', 10, 56, 0, NULL, NULL, 1, '2025-05-28 07:30:26', '2025-05-28 07:30:41'),
(10, 'Easy Polo Black Edition 8', 'easy-polo-black-edition-8', 'product/dec1061c242f506b70be66c55efdd0d8.jpg', 28, '1', 10, 56, 0, NULL, NULL, 1, '2025-05-28 07:31:05', '2025-05-28 07:31:13'),
(11, 'Easy Polo Black Edition 9', 'easy-polo-black-edition-9', 'product/7d9355c3bfcbba431fb650d759d5ad1f.jpg', 28, '1', 10, 56, 0, NULL, NULL, 1, '2025-05-28 07:31:36', '2025-05-28 07:31:36'),
(12, 'Easy Polo Black Edition 10', 'easy-polo-black-edition-10', 'product/1022248802c0dcec07f92a941ab75938.jpg', 28, '1', 10, 56, 0, NULL, NULL, 1, '2025-05-28 07:31:58', '2025-05-28 07:31:58'),
(13, 'Easy Polo Black Edition 11', 'easy-polo-black-edition-10', 'product/fe9f1ec0c64fe38e6699333971e5bc01.jpg', 29, '1', 10, 56, 0, NULL, NULL, 1, '2025-05-28 08:01:51', '2025-05-28 08:02:14'),
(14, 'Easy Polo Black Edition 12', 'easy-polo-black-edition-12', 'product/338662a3f0afabbe10feefd9acaa8175.jpg', 29, '1', 10, 56, NULL, NULL, NULL, 1, '2025-05-28 08:02:42', '2025-05-28 08:02:42'),
(15, 'Easy Polo Black Edition 13', 'easy-polo-black-edition-13', 'product/a9360966764fdf2e8995f32441c433cc.jpg', 29, '1', 10, 56, 0, NULL, NULL, 1, '2025-05-28 08:03:08', '2025-05-28 08:03:08'),
(16, 'Easy Polo Black Edition 14', 'easy-polo-black-edition-14', 'product/eda01b2adeecf6a3afdc7cee94651b99.jpg', 29, '1', 10, 56, 0, NULL, NULL, 1, '2025-05-28 08:03:42', '2025-05-28 08:03:52'),
(17, 'Easy Polo Black Edition 15', 'easy-polo-black-edition-15', 'product/6974c37efec0690a9087344fe7c1b1db.jpg', 30, '1', 10, 56, 0, NULL, NULL, 1, '2025-05-28 08:06:04', '2025-05-28 08:06:04'),
(18, 'Easy Polo Black Edition 16', 'easy-polo-black-edition-16', 'product/06b9f24050afc9994dd3f29fde0f57b9.jpg', 30, '1', 10, 56, 0, NULL, NULL, 1, '2025-05-28 08:06:25', '2025-05-28 08:06:25'),
(19, 'Easy Polo Black Edition 17', 'easy-polo-black-edition-17', 'product/81c73e0840443c9f3c50239d7734c09c.jpg', 30, NULL, 10, 56, 0, NULL, NULL, 1, '2025-05-28 08:10:41', '2025-05-28 08:10:41'),
(20, 'Easy Polo Black Edition 18', 'easy-polo-black-edition-18', 'product/75efc2362434a7ce52dba7c4bca0b5a2.jpg', 30, '1', 10, 56, 0, NULL, NULL, 1, '2025-05-28 08:11:05', '2025-05-28 08:11:05'),
(21, 'Easy Polo Black Edition 19', 'easy-polo-black-edition-19', 'product/399e41653d39e918234ccb6d8cd4705e.jpg', 31, '1', 10, 56, 0, NULL, NULL, 1, '2025-05-28 09:10:02', '2025-05-28 09:10:02'),
(22, 'Easy Polo Black Edition 20', 'easy-polo-black-edition-20', 'product/b4648b2f6264cf5b829d93429fb72730.jpg', 31, '1', 10, 56, 0, NULL, NULL, 1, '2025-05-28 09:10:28', '2025-05-28 09:10:28'),
(23, 'Easy Polo Black Edition 21', 'easy-polo-black-edition-21', 'product/3b5bb4ada6ba1eff3858abe96d41ce59.jpg', 31, '1', 10, 56, 0, NULL, NULL, 1, '2025-05-28 09:10:47', '2025-05-28 09:10:47'),
(24, 'Easy Polo Black Edition 22', 'easy-polo-black-edition-22', 'product/e9c24334ddcacbce0a5ef4d1077ee7a6.jpg', 31, '1', 10, 56, 0, NULL, NULL, 1, '2025-05-28 09:11:05', '2025-05-28 09:11:05'),
(25, 'Easy Polo Black Edition 23', 'easy-polo-black-edition-23', 'product/8882edb63abac8f94b57daa274b7eafc.jpg', 32, '1', 10, 56, 0, NULL, NULL, 1, '2025-05-28 09:11:28', '2025-05-28 09:11:28'),
(26, 'Easy Polo Black Edition 24', 'easy-polo-black-edition-24', 'product/59bbd18e8211e50b5f52f98598c950ae.jpg', 32, '1', 10, 56, 0, NULL, NULL, 1, '2025-05-28 09:11:50', '2025-05-28 09:11:50'),
(27, 'Easy Polo Black Edition 25', 'easy-polo-black-edition-25', 'product/22968bfebe69d56cdeef54abbefe0d0a.jpg', 32, '1', 10, 56, 0, NULL, NULL, 1, '2025-05-28 09:12:10', '2025-05-28 09:12:10'),
(28, 'Easy Polo Black Edition 26', 'easy-polo-black-edition-26', 'product/f401a7d6b26367e5f6881d88cf39dd93.jpg', 32, '1', 10, 56, 0, NULL, NULL, 1, '2025-05-28 09:12:34', '2025-05-28 09:12:34'),
(29, 'Easy Polo Black Edition 27', 'easy-polo-black-edition-27', 'product/7b6185f2dc3c3a60a880e8afdb737aa9.jpg', 33, '1', 10, 56, 0, NULL, '{\"product-recommend\": \"1\"}', 1, '2025-05-28 09:19:02', '2025-05-28 09:19:02'),
(30, 'Easy Polo Black Edition 28', 'easy-polo-black-edition-28', 'product/f572ed038593d4a5ca52fd1357e26522.jpg', 33, '1', 10, 56, 0, NULL, '{\"product-recommend\": \"1\"}', 1, '2025-05-28 09:19:26', '2025-05-28 09:19:26'),
(31, 'Easy Polo Black Edition 29', 'easy-polo-black-edition-29', 'product/b8432a3759a4a95836d6d00118d987f8.jpg', 33, '1', 10, 56, 0, NULL, '{\"product-recommend\": \"1\"}', 1, '2025-05-28 09:19:45', '2025-05-28 09:19:45'),
(32, 'Easy Polo Black Edition 30', 'easy-polo-black-edition-30', 'product/735949effd5e94864024c0fc46604108.jpg', 33, '1', 10, 56, 0, NULL, '{\"product-recommend\": \"2\"}', 1, '2025-05-28 09:20:14', '2025-05-28 09:20:14'),
(33, 'Easy Polo Black Edition 31', 'easy-polo-black-edition-31', 'product/1af5432351cb3dc11eb96e60b71703df.jpg', 33, '1', 10, 56, 0, NULL, '{\"product-recommend\": \"2\"}', 1, '2025-05-28 09:20:37', '2025-05-28 09:20:37'),
(34, 'Easy Polo Black Edition 32', 'easy-polo-black-edition-32', 'product/efe0a108c4521bb918003d2f0b2bcb48.jpg', 33, '1', 10, 56, 0, NULL, '{\"product-recommend\": \"2\"}', 1, '2025-05-28 09:20:55', '2025-05-28 09:20:55');

-- --------------------------------------------------------

--
-- Table structure for table `sessions`
--

DROP TABLE IF EXISTS `sessions`;
CREATE TABLE IF NOT EXISTS `sessions` (
  `id` varchar(191) COLLATE utf8mb4_unicode_ci NOT NULL,
  `user_id` bigint UNSIGNED DEFAULT NULL,
  `ip_address` varchar(45) COLLATE utf8mb4_unicode_ci DEFAULT NULL,
  `user_agent` text COLLATE utf8mb4_unicode_ci,
  `payload` longtext COLLATE utf8mb4_unicode_ci NOT NULL,
  `last_activity` int NOT NULL,
  PRIMARY KEY (`id`),
  KEY `sessions_user_id_index` (`user_id`),
  KEY `sessions_last_activity_index` (`last_activity`)
) ENGINE=MyISAM DEFAULT CHARSET=utf8mb4 COLLATE=utf8mb4_unicode_ci;

--
-- Dumping data for table `sessions`
--

INSERT INTO `sessions` (`id`, `user_id`, `ip_address`, `user_agent`, `payload`, `last_activity`) VALUES
('3G95U23q9eiFFS3PHbdiJGtC3mbbJ1cD0tpACp5H', 1, '127.0.0.1', 'Mozilla/5.0 (Windows NT 10.0; Win64; x64) AppleWebKit/537.36 (KHTML, like Gecko) Chrome/136.0.0.0 Safari/537.36 Edg/136.0.0.0', 'YTo1OntzOjY6Il90b2tlbiI7czo0MDoiTDE1cXZyVkIwcGRhOGViY1BJNW43OFN3STJTRjNQNzdUaks0WlhnbyI7czo5OiJfcHJldmlvdXMiO2E6MTp7czozOiJ1cmwiO3M6MjE6Imh0dHA6Ly8xMjcuMC4wLjE6ODAwMCI7fXM6NjoiX2ZsYXNoIjthOjI6e3M6Mzoib2xkIjthOjA6e31zOjM6Im5ldyI7YTowOnt9fXM6NTA6ImxvZ2luX3dlYl81OWJhMzZhZGRjMmIyZjk0MDE1ODBmMDE0YzdmNThlYTRlMzA5ODlkIjtpOjM7czo1MjoibG9naW5fYWRtaW5fNTliYTM2YWRkYzJiMmY5NDAxNTgwZjAxNGM3ZjU4ZWE0ZTMwOTg5ZCI7aToxO30=', 1748450100);

-- --------------------------------------------------------

--
-- Table structure for table `users`
--

DROP TABLE IF EXISTS `users`;
CREATE TABLE IF NOT EXISTS `users` (
  `id` bigint UNSIGNED NOT NULL AUTO_INCREMENT,
  `name` varchar(191) COLLATE utf8mb4_unicode_ci NOT NULL,
  `email` varchar(191) COLLATE utf8mb4_unicode_ci NOT NULL,
  `email_verified_at` timestamp NULL DEFAULT NULL,
  `password` varchar(191) COLLATE utf8mb4_unicode_ci NOT NULL,
  `remember_token` varchar(100) COLLATE utf8mb4_unicode_ci DEFAULT NULL,
  `status` varchar(30) CHARACTER SET utf8mb4 COLLATE utf8mb4_unicode_ci NOT NULL DEFAULT 'active',
  `role` varchar(50) COLLATE utf8mb4_unicode_ci NOT NULL DEFAULT 'user',
  `created_at` timestamp NULL DEFAULT NULL,
  `updated_at` timestamp NULL DEFAULT NULL,
  PRIMARY KEY (`id`),
  UNIQUE KEY `users_email_unique` (`email`)
) ENGINE=InnoDB AUTO_INCREMENT=10 DEFAULT CHARSET=utf8mb4 COLLATE=utf8mb4_unicode_ci;

--
-- Dumping data for table `users`
--

INSERT INTO `users` (`id`, `name`, `email`, `email_verified_at`, `password`, `remember_token`, `status`, `role`, `created_at`, `updated_at`) VALUES
(2, 'Nguyen Van A', 'example@gmail.com', NULL, '$2y$12$aoGAlBKfWH51t.tAS3IH7.mDR6WSNqL08a0PlB45e7ON6Dctw6WZe', NULL, 'active', 'user', '2025-05-08 11:30:26', '2025-05-20 10:09:56'),
(3, 'Admin', 'hoangphuong0813@gmail.com', NULL, '$2y$12$7uGP1P.7S5B9puIdJ5CQg.M9HCV88Zc5tBg2Zjc9QYKSDEEon1goS', 'sCxNnXbY2KZwuMXKlR3e4ELEzvQL0Xg1C8Yq6BdCBZDKSQPlrN9ZinUwpBGL', 'active', 'admin', '2025-05-13 01:22:02', '2025-05-13 01:22:02');

--
-- Constraints for dumped tables
--

--
-- Constraints for table `addresses`
--
ALTER TABLE `addresses`
  ADD CONSTRAINT `addresses_ibfk_1` FOREIGN KEY (`user_id`) REFERENCES `users` (`id`) ON DELETE CASCADE ON UPDATE CASCADE;

--
-- Constraints for table `carts`
--
ALTER TABLE `carts`
  ADD CONSTRAINT `carts_ibfk_1` FOREIGN KEY (`user_id`) REFERENCES `users` (`id`) ON DELETE CASCADE ON UPDATE CASCADE,
  ADD CONSTRAINT `carts_ibfk_2` FOREIGN KEY (`product_id`) REFERENCES `products` (`id`);

--
-- Constraints for table `categories`
--
ALTER TABLE `categories`
  ADD CONSTRAINT `categories_ibfk_1` FOREIGN KEY (`parent_id`) REFERENCES `categories` (`id`) ON DELETE CASCADE ON UPDATE CASCADE;

--
-- Constraints for table `orders`
--
ALTER TABLE `orders`
  ADD CONSTRAINT `orders_ibfk_1` FOREIGN KEY (`user_id`) REFERENCES `users` (`id`) ON DELETE CASCADE ON UPDATE CASCADE,
  ADD CONSTRAINT `orders_ibfk_2` FOREIGN KEY (`address_id`) REFERENCES `addresses` (`id`);

--
-- Constraints for table `order_products`
--
ALTER TABLE `order_products`
  ADD CONSTRAINT `order_products_ibfk_1` FOREIGN KEY (`order_id`) REFERENCES `orders` (`id`),
  ADD CONSTRAINT `order_products_ibfk_2` FOREIGN KEY (`product_id`) REFERENCES `products` (`id`);

--
-- Constraints for table `payments`
--
ALTER TABLE `payments`
  ADD CONSTRAINT `payments_ibfk_1` FOREIGN KEY (`user_id`) REFERENCES `users` (`id`);

--
-- Constraints for table `products`
--
ALTER TABLE `products`
  ADD CONSTRAINT `products_ibfk_1` FOREIGN KEY (`category_id`) REFERENCES `categories` (`id`);
COMMIT;

/*!40101 SET CHARACTER_SET_CLIENT=@OLD_CHARACTER_SET_CLIENT */;
/*!40101 SET CHARACTER_SET_RESULTS=@OLD_CHARACTER_SET_RESULTS */;
/*!40101 SET COLLATION_CONNECTION=@OLD_COLLATION_CONNECTION */;
